Company Name,Market Cap,Revenue,Profit Margin,Industry Sector,Dividend Payout,ROE,Beta,ESG Risk Score,ESG Risk Precentile,ESG Disclosure Score,Environment Disclosure Score,Governance Disclosure Score,Social Disclosure Score,ESG Rating,Debt to Market Cap Ratio
AGILENT TECH INC,36343052413.0,6833.0,18.14722669,"Consumer, Non-cyclical",21.59951613,22.24215247,1.057450771,13.63914063,8.08,,,,,AA,0.075255099
AMERICAN AIRLINE,8009139440.0,48971.0,0.259337159,"Consumer, Cyclical",0.0,,1.300619364,26.35020469,55.01,64.42007846,65.81093325,93.73871162,33.58524788,N.S.,5.144747486
APPLE INC,2976020000000.0,383285.0,25.30623426,Technology,15.25808252,171.9495116,1.154802799,17.21751375,17.95,,,,,BBB,0.041642878
ABBVIE INC,244562000000.0,58054.0,20.3879147,"Consumer, Non-cyclical",85.82931591,46.06949587,0.637518287,26.90650031,57.05,67.52841766,52.61250378,97.50150512,52.35792019,BBB,0.248386665
AIRBNB INC-A,83629056469.0,8399.0,22.53839743,Communications,0.0,74.47247301,1.473877549,22.84902375,39.77,37.33024847,6.765327696,91.24021674,13.78476421,BB,0.027610021
ABBOTT LABS,178258000000.0,43653.0,15.88206996,"Consumer, Non-cyclical",48.54694937,14.11230794,0.825982511,25.22476125,50.38,75.26405794,74.78103292,97.50150512,53.41596131,BBB,0.087109455
ARCH CAPITAL GRP,32033076669.0,9614.808,15.36102437,Financial,0.0,23.08261452,0.704402626,22.4592625,38.29,,,,,BBB,0.085099537
ACCENTURE PLC-A,221780000000.0,64111.745,10.71809385,Technology,41.18426144,28.75192452,1.179035783,9.83540781,2.7,,,,,AA,0.014198904
ADOBE INC,283106000000.0,17606.0,27.01351812,Technology,0.0,33.971276,1.490273356,12.89234906,6.59,66.06981189,66.23376623,91.24021674,40.62877872,AAA,0.014468103
ANALOG DEVICES,90587606702.0,12305.539,26.93566694,Technology,50.65819822,9.203272311,1.049497008,19.9289125,28.12,62.08630922,48.23316219,97.50150512,40.38694075,BBB,0.081401179
ARCHER-DANIELS,39539552433.0,101556.0,4.273504274,"Consumer, Non-cyclical",20.71889401,15.99593702,0.740474582,31.78916176,75.3,,,,,AA,0.240265744
AUTOMATIC DATA,94711152151.0,18012.2,18.9427166,"Consumer, Non-cyclical",58.07804807,115.461293,0.966402233,13.81574125,8.44,,,,,AAA,0.039755614
AUTODESK INC,43641983109.0,5005.0,16.44355644,Technology,0.0,76.80067002,1.451986551,16.76360125,16.57,,,,,AAA,0.06067552
AMEREN CORP,20129241724.0,7957.0,13.49754933,Utilities,56.79702048,10.89248729,0.74127239,27.16542981,58.05,,,,,A,0.795757745
AMERICAN ELECTRI,40111606786.0,19639.5,11.74775325,Utilities,71.30721221,9.072649152,0.661188662,23.58444563,43.02,71.99476914,62.06584114,93.73871162,60.09673519,A,1.068314222
AES CORP,11273204804.0,12617.0,-4.32749465,Utilities,,-24.82269504,1.078004241,26.86508438,56.89,,,,,AA,2.367649702
AFLAC INC,48228872239.0,19502.0,21.54138037,Financial,24.17771007,19.54678456,0.906355679,18.32718438,21.84,46.46413842,33.01117487,93.73871162,12.45465538,BBB,0.147028111
AMERICAN INTERNA,45604540681.0,56437.0,18.20791325,Financial,9.582357533,9.613385727,0.948230445,25.90843594,53.25,,,,,BBB,0.527469406
ASSURANT INC,8610662213.0,10193.0,2.713626999,Financial,54.3022415,12.29640841,0.768292427,24.00894688,45.09,,,,,A,0.24156098
ARTHUR J GALLAGH,54113176000.0,8550.6,13.03066451,Financial,38.50403877,11.94707233,0.889322281,21.15865313,32.89,,,,,BBB,0.125113706
AKAMAI TECHNOLOG,17182732227.0,3616.654,14.47946085,Technology,0.0,12.04166505,1.007546186,15.05668688,11.53,,,,,AA,0.262012172
ALBEMARLE CORP,14821718254.0,7320.104,36.74559815,Basic Materials,6.79255384,39.97006455,1.441885352,26.81473588,56.72,73.12141636,69.40501359,93.73871162,56.13663845,BBB,0.257564605
ALIGN TECHNOLOGY,16720935368.0,3734.635,9.681615472,"Consumer, Non-cyclical",0.0,9.679572621,1.602241278,19.133325,25.15,,,,,A,0.007583308
ALASKA AIR GROUP,4734122257.0,9646.0,0.601285507,"Consumer, Cyclical",0.0,6.541229953,1.076926827,25.62608063,52.06,62.15672468,61.91482936,93.73871162,30.68319226,N.S.,0.871756109
ALLSTATE CORP,35576356351.0,51412.0,-2.54998833,Financial,,-14.79904934,0.729142547,22.04158281,36.63,53.73704859,29.38689218,87.47742324,44.2261185,BBB,0.223350585
ALLEGION PLC,9197503290.0,3271.9,13.99798282,Industrial,31.51091703,55.06573095,1.031036496,21.78077375,35.59,42.64158535,6.251887647,87.47742324,34.03869407,AA,0.234900704
APPLIED MATERIAL,125271000000.0,26517.0,25.85511182,Technology,14.22112019,48.0397996,1.454825044,12.70439719,6.16,63.91711095,49.22983993,100.0,42.38210399,AAA,0.044391778
AMCOR PLC,13398331575.0,14694.0,7.132162788,Industrial,68.98854962,24.79529171,0.814657271,17.607575,19.2,,,,,AA,0.564100086
ADV MICRO DEVICE,198254000000.0,23601.0,5.592983348,Technology,0.0,0.379867047,1.505494237,15.00433,11.32,71.21013982,66.08275445,93.73871162,53.71825877,AA,0.014436025
AMETEK INC,35852263378.0,6150.53,18.85271676,Industrial,17.43524599,16.50909285,0.95241946,23.35204063,42.04,,,,,BBB,0.064989007
AMGEN INC,141405000000.0,26323.0,24.89077993,"Consumer, Non-cyclical",65.07936508,133.8049341,0.642525315,21.96040813,36.29,65.21476713,55.69314407,93.73871162,46.10036276,AA,0.427623577
AMERIPRISE FINAN,35424738972.0,14347.0,17.83648149,Financial,21.74677608,75.48715052,1.21120131,20.26766188,29.33,43.23508701,14.16490486,87.47742324,27.90205562,A,0.106084056
AMERICAN TOWER C,92477836109.0,10711.1,16.48570175,Financial,153.7716616,13.21485701,1.018767238,10.9023,3.58,61.31173926,47.99154334,91.24021674,44.58887545,AA,0.506242382
AMAZON.COM INC,1516620000000.0,513983.0,-0.5295895,Communications,,12.53128296,1.286914229,30.609425,71.58,56.73473494,37.11869526,90.54786273,42.41233374,BBB,0.101186035
ARISTA NETWORKS,67630059869.0,4381.31,30.86853019,Communications,0.0,34.90613568,1.148233533,16.67424375,16.34,53.37491198,52.12926608,91.24021674,16.59613059,A,0.000710394
ANSYS INC,25966280817.0,2065.553,25.35446924,Technology,0.0,10.12717155,1.247411728,15.89421,13.91,44.84458304,20.59800664,87.47742324,26.29987908,AA,0.033754661
AON PLC-CLASS A,65700993612.0,12479.0,20.74685472,Financial,17.88335265,,0.886551619,15.23926875,12.04,47.48013278,27.6653579,91.24021674,23.36759371,BBB,0.183741513
SMITH (A.O.)CORP,11281931668.0,3753.9,6.278803378,Industrial,75.18031396,16.48394028,1.028047681,26.62913438,55.95,,,,,BBB,0.014625155
APA CORP,11164586924.0,10961.0,33.51883952,Energy,6.777354382,181.7640048,0.907448649,45.99559609,96.48,55.52761292,30.47417699,93.73871162,42.23095526,A,0.51949974
AIR PRODS & CHEM,61062683105.0,12600.0,18.25555556,Basic Materials,66.56489881,16.75498691,0.86639744,12.46008563,5.77,,,,,BBB,0.180660257
AMPHENOL CORP-A,53794072869.0,12623.0,15.07011012,Industrial,25.36928981,26.6307173,1.009629488,19.5655075,26.82,60.76853435,69.22379946,68.18181818,44.86094317,A,0.079785742
APTIV PLC,23115494816.0,17489.0,3.396420607,"Consumer, Cyclical",0.0,23.58087809,1.289129019,10.65649375,3.31,56.83532844,51.4346119,93.73871162,25.18137848,AA,0.302567609
ALEXANDRIA REAL,18076122933.0,2588.962,20.14938806,Financial,148.6612218,1.303180648,1.15016222,13.890175,8.59,,,,,BBB,0.64581122
ATMOS ENERGY,16708782072.0,4275.357,20.72018781,Utilities,48.49041499,8.728633598,0.756249189,32.04831691,76.17,,,,,A,0.429313098
AVALONBAY COMMUN,24422338811.0,2593.446,43.83260727,Financial,78.39634052,8.075228164,0.852844059,9.70956906,2.59,,,,,A,0.331722734
BROADCOM INC,402236000000.0,33203.0,34.62036563,Technology,59.99287178,70.6790674,1.151202798,19.97994375,28.3,55.63826577,43.18936877,93.73871162,29.83675937,A,0.097805884
AVERY DENNISON,15202694661.0,9039.3,8.375648557,"Consumer, Non-cyclical",31.57944789,23.71957061,0.952476025,15.9683375,14.12,61.72417262,44.42766536,93.73871162,46.88633615,AA,0.21796136
AMERICAN WATER W,25395372759.0,3792.0,21.62447257,Utilities,56.95121951,10.42197678,0.97324723,21.61638625,34.83,65.36565738,44.21624887,93.73871162,58.04111245,AA,0.483355772
AXON ENTERPRISE,17035457140.0,1189.935,12.36529726,Industrial,0.0,10.61832635,1.303238869,40.58325379,92.46,,,,,AA,0.041774283
AMERICAN EXPRESS,119296000000.0,55625.0,13.50831461,Financial,21.18918919,30.7974407,1.165699244,18.60626563,22.93,56.34242028,39.65569314,93.73871162,35.48972189,AA,0.402864644
AUTOZONE INC,47175389687.0,17457.209,14.48356378,"Consumer, Cyclical",0.0,,0.848508775,10.96468,3.67,,,,,A,0.23593804
BOEING CO/THE,132792000000.0,66608.0,-7.409019938,Industrial,,,1.098174691,39.29729156,91.22,62.03601247,56.53881003,93.73871162,35.70133011,BBB,0.393636965
BANK OF AMERICA,234167000000.0,115053.0,28.99210111,Financial,26.82214876,11.59466754,1.098111987,28.29615,62.93,67.63907052,69.16339474,100.0,33.61547763,A,3.134843785
BALL CORP,16890759746.0,15349.0,4.684344257,Industrial,35.20812239,16.39476877,1.078495145,12.09933625,5.21,64.97334272,63.60616128,93.73871162,37.45465538,AA,0.595710326
BAXTER INTL INC,18167254857.0,15113.0,-16.09872295,"Consumer, Non-cyclical",,38.01701379,0.830737889,23.566926,42.94,,,,,A,0.931841389
BATH & BODY WORK,6735019770.0,7560.0,10.58201058,"Consumer, Cyclical",23.4256927,,1.155251026,28.2978475,62.94,,,,,A,0.847658982
BEST BUY CO INC,14707986515.0,46298.0,3.064927211,"Consumer, Cyclical",55.602537,43.96210164,1.161879063,15.88637,13.87,,,,,AAA,0.273932805
BECTON DICKINSON,68672099199.0,19372.0,7.660540987,"Consumer, Non-cyclical",70.88887619,5.855605621,0.735049784,23.8246075,44.04,65.06387687,55.72334642,93.73871162,45.61668682,BBB,0.231229279
FRANKLIN RES INC,11795837582.0,7849.4,11.24671949,Financial,72.34646787,7.366778531,1.183842897,18.29660781,21.75,,,,,A,0.99631755
BROWN-FORMAN -B,28790261351.0,4228.0,18.51939451,"Consumer, Non-cyclical",48.22147382,24.89829129,0.820854604,22.2611275,37.48,,,,,A,0.106841684
BUNGE GLOBAL SA,17639398405.0,67232.0,2.394693003,"Consumer, Non-cyclical",22.48447205,20.71112049,0.597741365,,,58.65607082,54.87768046,93.73871162,27.20677146,AAA,0.339807507
BIOGEN INC,33435239344.0,10173.4,29.94967268,"Consumer, Non-cyclical",0.0,10.72514701,0.672306955,22.24436563,37.41,59.38034403,50.25672002,93.73871162,34.00846433,AA,0.230750554
BIO-RAD LABS-A,8959871996.0,2802.249,-129.4508447,"Consumer, Non-cyclical",,-1.888557916,1.174236894,17.3991375,18.52,50.28669148,49.62247055,74.89464178,26.23941959,BBB,0.156865187
BANK NY MELLON,36246423592.0,19991.0,15.71105819,Financial,49.32260796,9.576639869,0.961285591,20.92559844,31.78,62.15672468,48.23316219,100.0,38.08948005,AA,1.828649379
BOOKING HOLDINGS,109402000000.0,17090.0,17.89350497,Communications,0.0,,1.155332446,19.23385938,25.56,44.80434564,28.4808215,84.97892836,20.7980653,A,0.13085716
BAKER HUGHES CO,33728960093.0,21156.0,-2.840801664,Energy,,11.47172892,0.765208542,23.84485591,44.13,67.19645911,57.95832075,100.0,43.50060459,AA,0.19742678
BLACKROCK INC,108956000000.0,17873.0,28.97107369,Financial,57.74430282,14.21314439,1.344780445,19.0729125,24.87,46.21265466,21.95711265,93.73871162,22.76299879,A,0.088696044
BRISTOL-MYER SQB,99906605132.0,46159.0,13.70696939,"Consumer, Non-cyclical",73.72688478,26.8692536,0.544813216,22.74418859,39.37,59.56141233,47.47810329,100.0,31.04594921,A,0.393037076
BROADRIDGE FINL,21929407883.0,6060.9,10.40439539,Technology,54.17063114,33.41217478,1.01843369,16.633175,16.15,,,,,AA,0.178477231
BERKSHIRE HATH-B,787126000000.0,234190.0,-9.743797771,Financial,,15.66397488,0.874946117,26.16906875,54.31,31.75736847,0.332225914,83.02227574,11.72914148,BB,
BROWN & BROWN,21171232648.0,3573.4,18.80002239,Financial,17.68320437,15.56791772,0.975197554,20.48230703,30.11,34.19173121,0.332225914,84.97892836,17.07980653,BBB,0.185695376
BOSTON SCIENTIFC,81247944812.0,12682.0,5.503863744,"Consumer, Non-cyclical",0.0,6.521382029,0.882618427,23.24717375,41.67,70.40539181,64.42162489,97.50150512,49.18379686,BBB,0.114452126
BORGWARNER INC,8144670615.0,15801.0,5.974305424,"Consumer, Cyclical",16.96398305,11.57617795,1.05980742,12.11489375,5.26,,,,,A,0.457722623
BLACKSTONE INC,128803000000.0,8517.673,20.51770478,Financial,186.4765369,24.41735397,1.541933894,24.9514875,49.19,26.50638769,9.845967986,58.910295,10.64087062,BB,0.10165109
BOSTON PROPERTIE,8466868761.0,3108.581,27.30979183,Financial,72.3679947,3.217645854,1.019200921,12.515175,5.87,52.42933307,34.85351857,93.73871162,28.53688029,AA,1.837301657
CITIGROUP INC,85933298792.0,101078.0,14.68667762,Financial,28.91393296,6.656330414,0.999574363,28.9562375,65.42,,,,,A,8.886066411
CONAGRA BRANDS I,13497812959.0,12277.0,5.568135538,"Consumer, Non-cyclical",92.47337624,12.43099006,0.581905603,30.79045361,72.17,,,,,AA,0.687044637
CARDINAL HEALTH,26103439966.0,205012.0,0.127309621,"Consumer, Non-cyclical",198.0,,0.780686617,14.85560313,10.95,,,,,A,0.179210097
CARRIER GLOB,44268097508.0,20421.0,17.30571471,Industrial,14.31918506,15.63641106,1.189035892,20.26294188,29.31,61.54310432,47.44790094,100.0,37.03143894,AA,0.208954089
CATERPILLAR INC,125194000000.0,59427.0,11.28275027,Industrial,37.01266219,50.51552106,0.994471967,36.17422062,86.7,58.86731717,36.69586228,93.73871162,46.03990326,A,0.296651312
CHUBB LTD,92523949068.0,43166.0,12.3082982,Financial,25.95520422,14.0783106,0.715933621,23.63869375,43.21,41.61553164,17.81938991,93.73871162,13.08948005,BBB,0.165286935
CBOE GLOBAL MARK,18975800143.0,1741.7,13.49256474,Financial,22.53073336,19.96865337,0.593931973,20.88761957,31.69,,,,,A,0.087506191
CBRE GROUP INC-A,23962810015.0,30828.246,4.565196476,Financial,0.0,7.553981176,1.089624524,8.291475,1.69,,,,,AAA,0.244711784
CROWN CASTLE INC,44570204451.0,6986.0,23.97652448,Financial,154.5874627,21.61973794,0.969596744,10.09675882,2.87,51.38316065,31.95409242,93.73871162,28.29504232,AAA,0.6445786
CARNIVAL CORP,18090730027.0,12168.0,-50.0739645,"Consumer, Cyclical",,-21.17478323,1.789147019,24.49382875,47.25,62.83070114,53.21655089,100.0,35.12696493,B,1.803630918
CERIDIAN HCM HOL,10585411346.0,1246.2,-5.889905312,Technology,,0.185266668,1.497228503,19.79726,27.64,45.88069611,28.14859559,84.97892836,24.36517533,AA,0.117756406
CADENCE DESIGN,73686632390.0,3561.718,23.83546367,Technology,0.0,32.89705879,1.187161446,12.020345,5.1,52.51986722,38.53820598,84.97892836,33.91777509,AA,0.008804867
CDW CORP/DE,29007778303.0,23748.7,4.692888453,Communications,25.35379094,69.85969388,0.971991479,8.97335,2.05,,,,,A,0.202369859
CELANESE CORP,14285063565.0,9673.0,19.58027499,Basic Materials,15.61311381,35.46892754,1.27241087,26.12788188,54.17,,,,,BBB,0.982354747
CONSTELLATION EN,39446831791.0,24440.0,-0.654664484,Utilities,,15.06965152,0.931385815,32.66722513,77.9,46.02152701,35.57837511,81.21613486,21.1305925,BBB,0.206733966
CF INDUSTRIES HO,14453424301.0,11186.0,29.91239049,Basic Materials,9.145248057,41.52650733,0.637673736,29.67316438,68.22,69.26868524,54.96828753,93.73871162,59.00846433,BBB,0.224652645
CITIZENS FINANCI,12434166530.0,9069.0,25.84465777,Financial,39.33953573,8.882935599,1.140157461,23.54144688,42.81,,,,,A,1.414328814
CHURCH & DWIGHT,23120461731.0,5375.6,7.699605625,"Consumer, Non-cyclical",61.60908432,11.29963946,0.651423633,21.8130375,35.67,,,,,AA,0.111169925
CH ROBINSON,9636542167.0,24696.625,3.80830984,Industrial,30.50905665,25.32969734,0.790479898,18.33601379,21.88,,,,,AAA,0.20257453
CHARTER COMMUN-A,69784845268.0,54022.0,9.357298878,Communications,0.0,46.98053735,1.096366525,24.17747,45.85,38.71843879,9.272123226,84.40698374,22.3095526,BBB,1.40143608
THE CIGNA GROUP,84195542817.0,180516.0,3.693855392,"Consumer, Non-cyclical",21.03376125,11.69157519,0.609976709,14.20425,9.33,63.49461825,47.84053156,93.73871162,48.79081016,AA,0.369853308
CINCINNATI FIN,15973990435.0,6557.0,-7.411926186,Financial,,16.68411867,0.821674347,23.33543125,41.98,,,,,BB,0.054400934
COLGATE-PALMOLIV,63510819198.0,17967.0,9.934880614,"Consumer, Non-cyclical",87.15428571,,0.600835323,26.17291375,54.32,70.20420481,64.51223195,93.73871162,52.26723096,A,0.137362423
CLOROX CO,17396807313.0,7389.0,2.01651103,"Consumer, Non-cyclical",391.2751678,,0.828782082,21.62861875,34.91,,,,,AA,0.184114242
COMERICA INC,5731192410.0,3740.0,32.56932654,Financial,31.72905526,25.30029218,1.192198634,25.1887625,50.2,61.09043356,51.76683781,93.73871162,37.63603386,N.S.,1.895068116
COMCAST CORP-A,170985000000.0,121427.0,4.422410172,Communications,88.58472998,18.60042597,0.859156728,23.09351406,40.96,56.55366663,38.44759891,93.73871162,37.3337364,BBB,0.56922408
CME GROUP INC,77792682149.0,5019.4,53.6119855,Financial,114.747121,10.67755982,0.718000352,17.40781875,18.55,39.86520471,13.65146481,84.97892836,20.7980653,BBB,0.050040697
CHIPOTLE MEXICAN,60763849473.0,8634.652,10.41270685,"Consumer, Cyclical",0.0,44.89629716,1.070747972,20.65761156,30.83,54.8234584,42.70613108,91.24021674,30.3808948,BBB,0.066126176
CUMMINS INC,31774945939.0,28074.0,7.661893567,"Consumer, Cyclical",39.74895397,29.38333859,0.951472819,18.94977406,24.33,,,,,AAA,0.250826548
CMS ENERGY CORP,16633440955.0,8596.0,9.737087017,Utilities,64.72417983,10.82704564,0.696438491,21.698975,35.26,,,,,AA,0.929873743
CENTENE CORP,39680450280.0,144547.0,0.831563436,"Consumer, Non-cyclical",0.0,9.646162651,0.753641069,19.89098125,27.97,,,,,A,0.481521754
CENTERPOINT ENER,17403806026.0,9321.0,11.33998498,Utilities,43.68055556,8.485042053,0.776705801,28.73478444,64.62,57.39865205,46.87405618,91.24021674,33.94800484,BBB,1.062641124
CAPITAL ONE FINA,40537330305.0,38373.0,19.18015271,Financial,13.48665531,10.76350447,1.202661753,22.50036875,38.45,,,,,A,1.214855533
COOPER COS INC,16764172057.0,3308.4,11.66122597,"Consumer, Non-cyclical",0.766718507,3.768342094,,17.4681955,18.72,45.26707575,32.82996074,84.97892836,17.83555018,AA,0.154752647
CONOCOPHILLIPS,136006000000.0,78494.0,23.7979973,Energy,34.03318908,23.13269437,0.814958632,33.95425078,81.33,67.20651846,60.34430686,93.73871162,47.43047158,AA,0.140163237
CENCORA INC,39842674395.0,262173.411,0.665701756,"Consumer, Non-cyclical",22.8004189,371.1816873,0.688524663,12.75336563,6.26,58.62589277,46.87405618,93.73871162,35.12696493,AA,0.120159027
COSTCO WHOLESALE,260814000000.0,242290.0,2.596888027,"Consumer, Cyclical",27.08835601,27.53610503,0.978669584,26.3166725,54.87,,,,,A,0.035400701
CAMPBELL SOUP CO,12160832632.0,9357.0,9.169605643,"Consumer, Non-cyclical",51.57575758,24.5423341,0.450286508,23.49972969,42.65,,,,,AA,0.408442427
COPART INC,48798961882.0,3869.518,31.98695548,"Consumer, Cyclical",0.0,23.51545611,1.028811336,16.03306875,14.31,,,,,A,0.00272266
CAMDEN PROP TR,9414017233.0,1427.944,45.77301351,Financial,61.90127797,4.574229433,0.939651847,16.09047813,14.48,,,,,BBB,0.388051977
CHARLES RIVER LA,10032628926.0,3976.06,12.22883961,"Consumer, Non-cyclical",0.0,16.01086561,1.288701653,18.88755806,24.01,,,,,BBB,0.289520725
SALESFORCE INC,217884000000.0,31352.0,0.66343455,Technology,0.0,2.670502623,1.344892502,14.87584,11.0,,,,,AA,0.063561377
CISCO SYSTEMS,195656000000.0,56998.0,22.12884663,Communications,49.96432252,31.77511055,0.839236379,13.86913875,8.53,,,,,AA,0.04442994
COSTAR GROUP INC,34261686575.0,2182.399,16.92875592,"Consumer, Non-cyclical",0.0,5.785655807,1.214397669,21.78009788,35.58,47.68131979,32.55813953,84.97892836,25.36275695,BB,0.032335594
CSX CORP,64224258638.0,14853.0,28.04820575,Industrial,20.50888142,30.99419916,0.909260094,21.90792788,36.08,62.23719948,65.23708849,91.24021674,30.10882709,A,0.295044278
CINTAS CORP,56498479255.0,8815.769,15.29089521,"Consumer, Non-cyclical",34.68572192,37.73460398,1.063700914,17.11441688,17.64,,,,,A,0.047122596
CATALENT INC,7136958226.0,4276.0,-5.425631431,"Consumer, Non-cyclical",,0.899839314,1.314802885,22.45171384,38.26,54.5216779,45.45454545,84.97892836,33.01088271,BBB,0.679421099
COTERRA ENERGY I,20008298954.0,9051.0,44.9121644,Energy,48.75867159,17.60452688,0.909735143,36.06546071,86.49,,,,,BBB,0.127697012
COGNIZANT TECH-A,35474937630.0,19428.0,11.78711139,Technology,24.42969432,16.81964573,0.991522908,14.656425,10.48,50.54823458,30.23255814,97.50150512,23.73035067,A,0.040732982
CORTEVA INC,32625370800.0,17455.0,6.571183042,"Consumer, Non-cyclical",32.30141079,3.726782504,0.831450641,36.49885063,87.32,,,,,BBB,0.180810206
CVS HEALTH CORP,88898815885.0,322467.0,1.286643284,"Consumer, Non-cyclical",69.56857074,11.86043304,0.707416713,22.0139375,36.5,64.23901016,52.31048022,93.73871162,46.55380895,A,0.90097938
CHEVRON CORP,271590000000.0,235717.0,15.04558432,Energy,31.25898773,15.72056985,0.72290349,36.75905187,87.85,61.70405392,45.54515252,93.73871162,45.70737606,A,0.075698552
CAESARS ENTERTAI,9980933441.0,10821.0,-8.307919786,"Consumer, Cyclical",,16.82065861,1.842771053,21.732775,35.37,,,,,A,2.506779566
DOMINION ENERGY,38834630892.0,17174.0,5.787818796,Utilities,223.331269,6.248703686,0.701827705,28.78769425,64.82,,,,,AA,1.078650654
DELTA AIR LI,23145379685.0,50582.0,2.605670001,"Consumer, Cyclical",0.0,49.21829763,1.239532232,30.25665047,70.32,60.58746605,57.29386892,93.73871162,30.59250302,AA,1.157855277
DUPONT DE NEMOUR,30576021181.0,13017.0,45.07951141,Basic Materials,65.02173913,19.02608908,1.063890576,28.00270875,61.67,,,,,A,0.284536695
DEERE & CO,106937000000.0,61251.0,16.59728004,Industrial,14.51514853,48.3554118,1.0060215,19.94597188,28.15,60.90936526,47.81032921,93.73871162,41.05199516,AA,0.592972563
DISCOVER FINANCI,21544993403.0,15202.0,28.8909354,Financial,14.93959108,26.56569481,1.1388129,22.79180938,39.53,46.21265466,29.26608275,87.47742324,21.73518742,AA,0.903550984
DOLLAR GENERAL C,27366524411.0,37844.863,6.383928514,"Consumer, Cyclical",20.50198076,34.73463015,0.688057721,17.93386531,20.31,,,,,A,0.659047555
QUEST DIAGNOSTIC,15258553443.0,9883.0,9.57199231,"Consumer, Non-cyclical",32.50955414,11.99052133,0.708957732,21.11253477,32.69,,,,,AAA,0.321917803
DR HORTON INC,42267769686.0,35460.4,13.38309777,"Consumer, Cyclical",7.189666435,22.54891014,1.176927686,21.02592469,32.33,,,,,A,0.121667172
DANAHER CORP,163000000000.0,31471.0,22.90680309,"Consumer, Non-cyclical",10.20836266,12.02161189,1.060223937,11.684425,4.62,56.32230158,43.00815464,91.24021674,34.5828295,AA,0.141472453
WALT DISNEY CO/T,174008000000.0,88898.0,2.647978582,Communications,0.0,2.423244203,1.133519888,15.69850156,13.37,52.96247862,45.84717608,84.97892836,27.93228537,A,0.266832353
DIGITAL REALTY,42368302777.0,4691.834,8.053801562,Financial,414.4521025,5.238818401,1.043919683,12.5135625,5.85,,,,,AA,0.431319756
DOLLAR TREE INC,25472241074.0,28331.7,5.701740453,"Consumer, Cyclical",0.0,13.98364654,1.036003232,20.0841125,28.64,,,,,A,0.40633645
DOVER CORP,19398566268.0,8508.088,12.52192032,Industrial,26.99056483,23.21290999,0.986232638,25.88096875,53.14,,,,,AA,0.162470925
DOW INC,36072848019.0,56902.0,8.052441039,Basic Materials,44.05936272,6.920709054,0.890901208,22.01786675,36.51,84.02575194,78.76774388,100.0,73.24667473,AA,0.451031756
DOMINO'S PIZZA,12893406556.0,4537.158,9.967979956,"Consumer, Cyclical",35.62456043,,0.91032356,29.1934,66.36,,,,,BBB,0.404039613
DARDEN RESTAURAN,18882188547.0,10487.8,9.36230668,"Consumer, Cyclical",61.22887646,46.6940481,0.861434042,27.585075,59.89,,,,,BBB,0.288631796
DTE ENERGY CO,21544591958.0,19228.0,5.632411067,Utilities,65.0,12.53656077,0.700350165,29.79840466,68.52,,,,,AA,0.950725827
DUKE ENERGY CORP,69513360000.0,28768.0,8.864015573,Utilities,81.57685161,2.542257432,0.664178073,28.34071263,63.09,69.29886329,71.0359408,87.47742324,49.30471584,AA,1.14277313
DAVITA INC,9035048000.0,11609.894,4.826917455,"Consumer, Non-cyclical",0.0,70.3253645,0.624241948,22.81625479,39.67,53.50568353,48.35397161,91.24021674,20.76783555,AA,1.231793567
DEVON ENERGY CO,28786651000.0,19169.0,31.37878867,Energy,56.7136623,33.69758351,0.965594828,33.75637544,80.88,,,,,A,0.225173814
DEXCOM,42817959477.0,2909.8,11.72589181,"Consumer, Non-cyclical",0.0,18.42439644,1.207167506,23.17437,41.37,49.60265567,40.62216853,84.97892836,23.06529625,A,0.063499056
ELECTRONIC ARTS,36649368068.0,7426.0,10.79989227,Technology,26.18453865,12.91875366,0.730055213,13.392045,7.57,,,,,AA,0.060792317
EBAY INC,21626730000.0,9795.0,-12.95558959,Communications,,50.50223214,1.236150622,17.60313125,19.18,,,,,A,0.378790506
ECOLAB INC,53135805457.0,14187.8,7.694639056,Basic Materials,53.81624989,16.57648199,1.169166923,19.75489375,27.46,77.38658083,82.05980066,93.73871162,56.28778718,AAA,0.172205915
CONS EDISON INC,31105208895.0,15670.0,10.59349075,Utilities,67.46987952,11.35657247,0.632024646,23.81333844,44.01,,,,,A,0.764277137
EQUIFAX INC,25876755128.0,5122.2,13.59181602,"Consumer, Non-cyclical",27.42660155,12.94288588,1.263346076,23.15856719,41.29,41.22321698,5.496828753,87.47742324,30.53204353,BBB,0.231922433
EVEREST GROUP LT,17642546398.0,12060.0,4.950248756,Financial,43.29371817,23.40662252,0.676951885,18.32551875,21.84,,,,,BBB,0.174861379
EDISON INTL,25135201604.0,17220.0,4.785133566,Utilities,176.9607843,9.104659313,0.849291503,29.14190831,66.12,64.30942561,45.9679855,93.73871162,53.11366385,A,1.383239353
ESTEE LAUDER,43746745994.0,15910.0,6.323067253,"Consumer, Non-cyclical",92.1471173,10.09301041,1.01028502,23.16700938,41.33,,,,,A,0.231605798
ELEVANCE HEALTH,112783000000.0,156595.0,3.84750471,"Consumer, Non-cyclical",20.39834025,16.3410111,0.69274509,10.585475,3.25,52.60034202,44.1256418,93.73871162,19.77025393,AA,0.227969291
EASTMAN CHEMICAL,9627397856.0,10580.0,7.495274102,Basic Materials,47.54098361,10.89791356,1.155259252,24.9419475,49.14,,,,,A,0.541787104
EMERSON ELEC CO,50607777000.0,15165.0,87.16782064,Industrial,56.0890261,85.13831192,0.938360333,28.36108313,63.14,55.42701941,48.0217457,93.73871162,24.36517533,A,0.161180761
ENPHASE ENERGY,13722031696.0,2330.853,17.04792194,Energy,0.0,70.38247707,1.368105054,21.6355625,34.95,45.2972538,24.82633645,84.97892836,25.93712213,AA,0.095956927
EOG RESOURCES,71511635693.0,26109.0,29.71772186,Energy,66.68546204,30.55011917,0.927533805,34.09255328,81.65,65.10411427,42.16248867,100.0,53.02297461,A,0.062647148
EPAM SYSTEMS INC,14687656166.0,4824.698,8.693103693,Technology,0.0,15.67108966,1.677678585,28.0740425,61.97,44.16054723,30.2627605,84.97892836,17.07980653,BBB,0.011855261
EQUINIX INC,74521845468.0,7263.105,9.697574247,Financial,161.2073061,7.554907038,1.017390013,13.88166875,8.56,58.41464641,49.50166113,88.86213125,36.75937122,AA,0.233237487
EQUITY RESIDENTI,21469585801.0,2735.18,28.40438289,Financial,121.5426436,6.169889368,0.850489438,11.90824063,4.91,,,,,BB,0.362933783
EQT CORP,16564339640.0,6185.336,28.63167013,Energy,11.49819449,24.72814987,0.970876753,35.69362432,85.35,,,,,AA,0.282087068
EVERSOURCE ENERG,20725224837.0,12289.336,11.43165912,Utilities,62.94494401,7.533652226,0.743303955,18.62372933,22.99,66.18046474,69.67683479,93.73871162,35.00604595,AA,1.239500618
ESSEX PROPERTY,13657565258.0,1606.814,25.41146642,Financial,138.5065817,9.356361728,0.834488988,13.29715,7.39,53.65657379,37.63213531,84.97892836,38.24062878,BB,0.460812369
EATON CORP PLC,91599420000.0,20752.0,11.86391673,Industrial,52.8432169,17.38070359,0.92553544,18.76762675,23.57,66.27099889,55.69314407,100.0,42.98669891,A,0.105186256
ENTERGY CORP,21316837826.0,13764.237,7.970932206,Utilities,76.29649572,11.44267377,0.758150339,26.665095,56.08,65.19464843,63.48535186,93.73871162,38.24062878,A,1.291678683
ETSY INC,8518748510.0,2566.111,-27.05603927,Communications,,,1.577173352,21.642025,34.98,,,,,A,0.28045035
EVERGY INC,11582469110.0,5859.1,12.84668294,Utilities,71.16606882,7.033784482,,35.41994825,84.8,,,,,A,1.101699463
EDWARDS LIFE,40629435000.0,5382.4,28.27549049,"Consumer, Non-cyclical",0.0,22.2270549,1.140039802,23.8768005,44.29,69.44975355,65.59951676,100.0,42.62394196,AAA,0.017009835
EXELON CORP,38449542253.0,19084.0,11.37078181,Utilities,64.97808086,8.567090226,0.805438459,22.85968075,39.82,,,,,AA,1.123420396
EXPEDITORS INTL,17087612774.0,17071.284,7.95135855,Industrial,15.7506378,27.24197751,,16.55970882,15.9,50.43758173,35.97100574,87.47742324,27.72067715,AAA,0.030400853
EXPEDIA GROUP IN,18959726080.0,11667.0,3.017056656,Communications,0.0,42.7302715,1.413191915,27.58012875,59.88,,,,,B,0.344836206
EXTRA SPACE STOR,26707629479.0,1924.17,44.73035127,Financial,93.56596118,8.897433124,1.037235022,15.1986598,11.91,52.98259732,45.30353368,84.97892836,28.53688029,BB,0.41915064
FORD MOTOR CO,41010268207.0,158057.0,-1.253345312,"Consumer, Cyclical",,14.26587026,1.351332664,23.23005625,41.6,72.39714314,76.92540018,93.04635762,47.12817412,BB,3.524531936
DIAMONDBACK ENER,27549357501.0,8793.0,49.88058683,Energy,45.52339466,21.17982937,0.993495584,38.29486985,90.09,,,,,A,0.226139575
FASTENAL CO,34747634564.0,6980.6,15.57029482,"Consumer, Cyclical",65.44300304,34.22553487,0.951836169,24.66801625,47.97,46.79609697,32.46753247,84.97892836,22.79322854,A,0.015508969
FREEPORT-MCMORAN,52705833603.0,22780.0,15.2238806,Basic Materials,24.93079585,13.70133384,1.242936254,31.61366452,74.83,74.04687657,79.06976744,97.50150512,45.46553809,BBB,0.178443245
FACTSET RESEARCH,17357305431.0,2085.508,22.44887097,Communications,30.50496291,31.72615268,0.969470084,18.37274313,22.03,,,,,AA,0.106002686
FEDEX CORP,64328435569.0,90155.0,4.40574566,Industrial,29.41591138,16.15899679,0.982895017,19.68413656,27.23,,,,,A,0.594076316
FIRSTENERGY CORP,21495103270.0,12459.0,3.258688498,Utilities,219.3990148,4.932228916,0.68132776,25.55509375,51.73,,,,,BBB,1.137654455
F5 INC,10015287573.0,2813.169,14.03925608,Communications,0.0,14.9907861,1.012308478,17.1549525,17.8,,,,,A,0.02805571
FISERV INC,75365320358.0,17737.0,14.26396798,Technology,0.0,9.950082639,0.947477877,18.79717375,23.67,46.15229856,22.13832679,84.97892836,31.19709794,A,0.309240376
FAIR ISAAC CORP,26576217791.0,1513.557,28.36860455,Technology,0.0,,1.14972055,20.30108,29.41,,,,,AA,0.07156387
FIDELITY NATIONA,32112611174.0,14528.0,-115.0881057,Technology,,-74.90162796,1.15617907,17.40355,18.53,,,,,AA,0.58095556
FIFTH THIRD BANC,18462360460.0,9353.0,29.20597015,Financial,37.63948498,16.65519141,1.106802583,16.83841406,16.77,,,,,A,1.176068469
FLEETCOR TECHNOL,16848110994.0,3427.129,27.84625265,"Consumer, Non-cyclical",0.0,35.99173215,1.098199606,17.9492825,20.38,,,,,BB,0.414468661
FMC CORP,6623449311.0,5802.3,12.69324233,Basic Materials,32.80556555,15.32311586,0.790116012,26.10094612,54.06,,,,,A,0.643667642
FOX CORP - B,14167810578.0,14913.0,8.308187487,Communications,21.34786118,9.504679297,0.746961474,13.16144453,7.08,,,,,A,
FOX CORP - A,14167505124.0,14913.0,8.308187487,Communications,21.34786118,9.504679297,0.728568316,13.16144453,7.08,,,,,A,0.578012849
FED REALTY INVS,7499076725.0,1074.378,35.88038847,Financial,84.85787785,10.27059135,0.980654836,14.675,10.54,62.17684338,57.65629719,93.73871162,35.00604595,N.S.,0.612708893
FIRST SOLAR INC,17060883772.0,2619.319,-1.686163465,Energy,,7.814709655,1.023954034,18.4471775,22.28,,,,,AA,0.03184583
FORTINET INC,40775999919.0,4417.4,19.40734369,Technology,0.0,,1.264779091,18.8988675,24.05,48.17422794,30.02114165,90.54786273,23.79081016,BBB,0.024323131
FORTIVE CORP,23788538286.0,5825.7,12.96324905,Industrial,13.1753178,8.50394995,1.037757397,34.76428594,83.22,53.48556483,46.69284204,91.24021674,22.37001209,AA,0.121781337
GENERAL DYNAMICS,67290907739.0,39407.0,8.602532545,Industrial,41.03244838,17.5600936,0.757097661,35.19494631,84.26,50.06538578,29.20567804,87.47742324,33.37363966,A,0.163424753
GENERAL ELECTRIC,130106000000.0,76555.0,0.293906342,Industrial,60.46896552,32.32780124,1.050580263,40.55348891,92.43,62.39814908,45.30353368,87.47742324,54.32285369,BBB,0.175157627
GE HEALTHCARE TE,33414834292.0,18341.0,10.44654054,"Consumer, Non-cyclical",,14.33097124,,30.948975,72.75,48.2647621,31.86348535,80.19265503,32.61789601,N.S.,0.307049256
GEN DIGITAL INC,13608792335.0,3338.0,40.41342121,Communications,22.75759822,68.9688716,0.849680901,17.07155125,17.52,,,,,AA,0.702340058
GILEAD SCIENCES,94001400559.0,27281.0,16.83222756,"Consumer, Non-cyclical",81.11933798,27.07622822,0.689682662,22.96508813,40.31,63.61533045,49.77348233,91.24021674,49.72793229,AAA,0.265761998
GENERAL MILLS IN,37597140532.0,20094.2,12.90870002,"Consumer, Non-cyclical",49.53035969,23.49068013,0.426892072,21.12622938,32.75,,,,,AAA,0.326684419
GLOBE LIFE INC,11306484236.0,5214.906,14.18441675,Financial,10.94437775,20.20123256,0.673312604,21.38671563,33.84,42.46051705,18.3026276,84.97892836,23.94195889,B,0.198657686
CORNING INC,23999809346.0,14189.0,9.274790331,Communications,69.18237082,5.151008189,0.973195195,16.47849563,15.64,58.90755457,56.23678647,93.73871162,26.60217654,BBB,0.352377799
GENERAL MOTORS C,38386558204.0,156735.0,6.338086579,"Consumer, Cyclical",1.458777342,14.2117014,1.330932856,28.45666563,63.56,75.96821245,77.01600725,100.0,50.7859734,BBB,3.096708993
GENERAC HOLDINGS,6892008624.0,4564.737,8.751917142,Industrial,0.0,8.380890468,1.602671266,23.71882938,43.53,45.26707575,22.50075506,84.97892836,28.17412334,A,0.228790195
ALPHABET INC-C,1741760000000.0,282836.0,21.20380715,Communications,0.0,25.33350543,1.138625264,24.051895,45.3,55.89980887,54.5756569,91.24021674,21.73518742,BBB,
ALPHABET INC-A,1741760000000.0,282836.0,21.20380715,Communications,0.0,25.33350543,1.143547535,24.051895,45.3,55.89980887,54.5756569,91.24021674,21.73518742,BBB,0.016905917
GENUINE PARTS CO,19250399403.0,22095.973,5.352563564,"Consumer, Cyclical",42.80304151,31.8862441,0.873519182,13.65694625,8.1,41.85695604,19.96375717,86.78506924,18.65175333,A,0.220095953
GLOBAL PAYMENTS,29179140465.0,8975.515,1.24219056,"Consumer, Non-cyclical",245.7553389,3.876730297,1.16279006,20.86536875,31.57,,,,,BBB,0.594991481
GARMIN LTD,23061134711.0,4860.286,20.03143436,Industrial,56.56166026,17.04205506,1.003541946,20.63983125,30.74,,,,,BBB,0.004814811
GOLDMAN SACHS GP,114255000000.0,68711.0,16.38893336,Financial,29.43979933,6.731544156,1.108563423,25.32957813,50.85,49.11980686,44.6692842,87.47742324,15.05441354,A,6.405766215
WW GRAINGER INC,40214581013.0,15228.0,10.15891778,"Consumer, Cyclical",24.07286923,67.17302705,0.967372537,15.99527656,14.2,,,,,AAA,0.067836092
HALLIBURTON CO,33886658952.0,20297.0,7.744986944,Energy,27.67175573,31.39943951,0.952087164,25.63055591,52.09,71.36103008,54.81727575,100.0,59.15961306,A,0.262640233
HASBRO INC,6316543926.0,5856.7,3.474652962,"Consumer, Cyclical",190.8402948,-21.53542851,0.902556837,7.07994063,1.29,,,,,AAA,0.611267814
HUNTINGTON BANC,15682653257.0,7950.0,30.85194376,Financial,42.05143435,14.33092224,1.0044384,21.8401125,35.79,,,,,AA,0.861015019
HCA HEALTHCARE I,67704799360.0,60233.0,9.368618531,"Consumer, Non-cyclical",11.52542123,,1.017660499,28.84130988,65.03,44.49250578,20.17517366,93.73871162,19.37726723,AA,0.607372009
HOME DEPOT INC,307536000000.0,157403.0,10.86701016,"Consumer, Cyclical",45.40894475,1151.319648,0.974413574,13.31133,7.4,,,,,AA,0.160160158
HESS CORP,44242127987.0,11324.0,18.50936065,Energy,22.04914122,18.10994441,0.937301517,32.51772188,77.45,,,,,AAA,0.210274696
HARTFORD FINL SV,23318684765.0,22362.0,8.116447545,Financial,28.42809365,17.73820537,0.800402343,16.756375,16.56,,,,,A,0.187017409
HUNTINGTON INGAL,9466099565.0,10676.0,5.423379543,Industrial,33.10500864,15.6319127,0.762153327,35.58049688,85.17,,,,,AA,0.283115552
HILTON WORLDWIDE,43866678573.0,8773.0,14.30525476,"Consumer, Cyclical",9.860557769,,1.012251377,17.23332634,17.99,,,,,A,0.217089607
HOLOGIC INC,17345002501.0,4030.4,11.3140135,"Consumer, Non-cyclical",0.0,9.21854626,0.749057055,24.8030475,48.57,46.10200181,28.32980973,84.40698374,25.42321644,AA,0.167431512
HONEYWELL INTL,126556000000.0,35466.0,14.0021429,Industrial,54.36971406,30.99204305,0.854174793,28.26914063,62.79,60.34604165,43.88402295,100.0,37.00120919,AA,0.168312381
HEWLETT PACKA,20262848237.0,28496.0,3.04604155,Technology,72.05529954,5.233672059,1.018587112,10.752225,3.4,,,,,AAA,0.65893994
HP INC,28195308037.0,53718.0,6.07431401,Technology,31.92154459,,1.030970812,11.25803094,3.99,71.73322603,65.26729085,97.50150512,52.32769045,AA,0.336368022
HORMEL FOODS CRP,17749707460.0,12458.806,8.026346987,"Consumer, Non-cyclical",56.70143712,11.64210195,0.563149631,30.06962813,69.63,,,,,AA,0.186333268
HENRY SCHEIN INC,9059958993.0,12647.0,4.253973274,"Consumer, Non-cyclical",0.0,12.80402572,0.816399813,13.97335156,8.79,,,,,AA,0.20772721
HOST HOTELS & RE,12224582000.0,4907.0,12.89993886,Financial,59.84060032,11.03639819,1.128052354,13.3482625,7.48,60.23538879,41.61884627,91.24021674,47.73276904,A,0.390770008
HERSHEY CO/THE,39057108162.0,10419.294,15.78626153,"Consumer, Non-cyclical",48.4091902,54.15166111,0.577481329,22.02456806,36.56,77.89960769,89.21775899,93.73871162,50.66505441,A,0.133958842
HUBBELL INC,15943444127.0,4947.9,11.03296348,Industrial,45.07843137,28.07544782,0.878959656,19.6034,26.97,49.94467357,35.00453035,87.47742324,27.20677146,A,0.099156744
HUMANA INC,63360163155.0,92870.0,3.021427802,"Consumer, Non-cyclical",13.97006415,18.16100955,0.517844319,22.46565,38.32,58.01227241,41.76985805,93.73871162,38.39177751,A,0.188983099
HOWMET AEROSPACE,21460115730.0,5663.0,8.281829419,Industrial,10.68950749,18.10945274,1.036371708,25.83451629,52.97,,,,,BBB,0.18215186
IBM,141716000000.0,60530.0,2.707748224,Technology,333.7822671,32.09212874,0.772741914,14.142775,9.16,,,,,AA,0.412973824
INTERCONTINENTAL,65547114515.0,7292.0,19.82995063,Financial,58.99031812,10.11747983,0.976429462,19.7811375,27.6,47.58072629,33.70582905,91.24021674,17.62394196,A,0.360122641
IDEXX LABS,39643068916.0,3367.324,20.16702283,"Consumer, Non-cyclical",0.0,92.78507009,1.317335844,18.66211409,23.14,52.95241927,33.55481728,93.73871162,31.40870617,AAA,0.026386201
IDEX CORP,14956462848.0,3181.9,18.44495427,Industrial,30.95586982,19.95185706,0.847901046,29.34326563,66.99,47.36947993,29.83992751,87.47742324,24.63724305,AA,0.09619253
INTL FLVR & FRAG,19071904101.0,12440.0,-15.04019293,Basic Materials,,0.100398642,1.131298304,22.95509656,40.24,,,,,AA,0.578757105
ILLUMINA INC,15529052000.0,4584.0,-96.07329843,"Consumer, Non-cyclical",,-17.81613746,1.283499479,18.64158947,23.07,,,,,A,0.14630642
INCYTE CORP,11938299108.0,3394.635,10.03524679,"Consumer, Non-cyclical",0.0,9.280988258,0.669719577,24.75778438,48.33,,,,,A,0.00370949
INTEL CORP,183944000000.0,63054.0,12.70974086,Technology,74.8315448,-1.630159942,1.167923689,19.008141,24.59,77.07474097,71.91180912,100.0,59.22007255,AAA,0.265727497
INTUIT INC,158498000000.0,14368.0,16.59242762,Technology,37.66778523,14.14417087,1.380638242,17.9496325,20.39,,,,,AAA,0.042202438
INVITATION HOMES,20384328941.0,2238.121,17.12726881,Financial,140.2255053,4.777089342,0.997867584,17.01190625,17.32,41.68594709,16.64149804,87.47742324,20.76783555,BBB,0.419884708
INTL PAPER CO,11354558126.0,21161.0,7.107414583,Basic Materials,38.94313613,2.765378334,0.881042957,23.9757625,44.89,,,,,AA,0.540487788
INTERPUBLIC GRP,11620345335.0,10927.8,8.583612438,Communications,48.74200426,26.32113821,1.054905534,9.46679375,2.38,,,,,AA,0.403852025
IQVIA HOLDINGS I,38315875000.0,14410.0,7.571131159,"Consumer, Non-cyclical",0.0,20.0143472,1.309122562,19.13831,25.17,51.84589076,33.70582905,84.97892836,36.72914148,AA,0.361416776
INGERSOLL-RAND I,28598906354.0,5916.3,10.2209151,Industrial,5.496183206,8.372621538,1.078535914,12.76115625,6.28,,,,,AA,0.096989723
IRON MOUNTAIN,18450820802.0,5103.574,10.91354804,Financial,129.1729678,70.27574595,1.066521287,13.893375,8.6,,,,,AA,0.781083246
INTUITIVE SURGIC,111226000000.0,6222.2,21.2513259,"Consumer, Non-cyclical",0.0,11.52682735,1.308513403,21.06956275,32.51,50.06538578,36.51464814,84.97892836,28.56711004,A,0.000843325
GARTNER INC,33290293213.0,5475.846,14.75204014,"Consumer, Non-cyclical",0.0,,1.06817925,18.928175,24.21,47.56060758,25.6115977,84.97892836,31.9528416,AA,0.09279723
ILLINOIS TOOL WO,72329956693.0,15932.0,19.0434346,Industrial,51.41727093,104.6210106,0.998406351,23.27302516,41.77,62.21708078,46.63243733,93.73871162,46.16082225,A,0.111516727
INVESCO LTD,6212841794.0,6048.9,15.22094926,Financial,50.17180874,5.383254504,1.291574717,22.74179094,39.37,50.49793783,43.76321353,87.47742324,20.10278114,AA,1.363401851
JACOBS SOLUTIONS,15565277720.0,16352.414,4.071429454,Industrial,19.75210428,10.56262769,0.926632762,,,,,,,A,0.229370016
HUNT (JB) TRANS,18683803412.0,14813.999,6.543479583,Industrial,17.19954898,20.63092475,0.950297177,14.82208906,10.85,,,,,AA,0.077372362
JOHNSON CONTROLS,35750817787.0,25299.0,6.055575319,Industrial,63.18181818,12.75687051,1.0265944,14.43251672,9.92,70.37521376,63.48535186,93.73871162,53.808948,AA,0.313167661
JACK HENRY,11125964420.0,2077.702,17.64670776,Technology,40.17345341,23.18269987,0.810621321,18.65881,23.12,,,,,A,0.026294799
JOHNSON&JOHNSON,362440000000.0,79990.0,20.46505813,"Consumer, Non-cyclical",72.41511912,46.82260487,0.5567047,23.91146063,44.47,69.21838849,76.20054364,93.73871162,37.60580411,A,0.082554384
JUNIPER NETWORKS,8607854591.0,5301.2,8.884780804,Communications,57.40976645,8.450509268,0.912693322,14.921925,11.1,,,,,AA,0.195077645
JPMORGAN CHASE,443004000000.0,154792.0,29.27541863,Financial,33.13551766,18.15546999,1.019778252,29.26170938,66.64,52.87194447,37.05829055,97.62191451,23.76058041,A,1.977636017
KELLANOVA,18160396774.0,15315.0,6.268364349,"Consumer, Non-cyclical",83.11875,19.85338301,0.530072153,27.2787375,58.57,,,,,AAA,0.42256786
KEURIG DR PEPPER,45264139654.0,14057.0,10.21555097,"Consumer, Non-cyclical",76.4637883,7.692307692,0.617263079,23.54631625,42.84,59.66200583,52.31048022,93.73871162,32.79927449,AA,0.317094285
KEYCORP,11216397927.0,8130.0,26.45962733,Financial,40.72765031,10.62551973,1.16061461,21.4168125,33.98,,,,,A,2.212475
KEYSIGHT TEC,23714172000.0,5464.0,19.34480234,Industrial,0.0,23.98184912,1.101153731,7.59698281,1.49,74.66049693,71.7909997,100.0,52.08585248,AAA,0.085434145
KRAFT HEINZ CO/T,42419840732.0,26485.0,8.922031338,"Consumer, Non-cyclical",83.01311892,6.134012153,0.515739918,33.703365,80.78,58.33417161,50.4077318,91.24021674,33.22249093,AA,0.468601477
KIMCO REALTY,11616772501.0,1727.684,7.291611197,Financial,513.1538141,4.800554316,1.028067827,10.899275,3.57,,,,,BBB,0.623136418
KLA CORP,75378547191.0,10496.056,32.27190289,Technology,21.62799204,121.8571759,1.377130032,17.18643375,17.88,,,,,BBB,0.080472856
KIMBERLY-CLARK,41215286921.0,20175.0,9.586121437,"Consumer, Non-cyclical",80.94808687,265.5614167,0.659075201,28.54088125,63.88,,,,,AA,0.196286393
KINDER MORGAN IN,38320622605.0,19200.0,13.27083333,Energy,98.87100592,8.034221654,0.775529563,19.00146859,24.57,74.40901318,56.38779825,97.50150512,69.25634825,AA,0.808989987
CARMAX INC,10097646094.0,29684.873,1.63302703,"Consumer, Cyclical",0.0,7.942723771,1.259782195,12.10194875,5.22,,,,,AA,1.950599458
COCA-COLA CO/THE,252444000000.0,43004.0,22.18863362,"Consumer, Non-cyclical",79.82896667,43.85100753,0.677508414,24.8847,48.93,58.47500251,53.79039565,93.73871162,27.75090689,AAA,0.159128278
KROGER CO,31426906341.0,148258.0,1.513577682,"Consumer, Non-cyclical",30.39215686,16.07257309,0.67229259,24.6193675,47.71,,,,,AA,0.630956155
KENVUE INC,38261601798.0,14950.0,13.95986622,"Consumer, Non-cyclical",,10.326571,,,,,,,,BBB,0.0
LOEWS CORP,15270343913.0,14044.0,7.205924238,Financial,5.998764822,9.556796494,0.789263606,28.8982125,65.25,,,,,BB,0.601558161
LEIDOS HOLDINGS,14581181625.0,14396.0,4.758266185,Technology,28.90510949,3.571428571,0.82697016,17.65450313,19.39,,,,,A,0.357447025
LENNAR CORP-A,35754731780.0,33671.01,13.70355389,"Consumer, Cyclical",9.601558039,15.83972594,1.187575102,25.35764813,50.96,,,,,BB,0.129318968
LABORATORY CP,17987763000.0,14876.8,8.597951172,"Consumer, Non-cyclical",5.127980611,7.360856763,0.880130172,19.74385969,27.43,55.07494216,46.87405618,91.24021674,26.96493349,AA,0.351900345
L3HARRIS TECHNOL,35572913932.0,17062.0,6.224358223,Industrial,80.90998117,8.03723649,0.835848331,20.86729813,31.58,61.08037421,57.11265479,87.47742324,38.54292624,AA,0.40120413
LINDE PLC,199571000000.0,33364.0,12.4295648,Basic Materials,56.39653918,15.63912918,0.87166369,19.2393925,25.58,74.28830098,71.91180912,100.0,50.84643289,A,0.090208395
LKQ CORP,12215863262.0,12794.0,8.980772237,"Consumer, Cyclical",0.0,16.98752228,0.964302421,11.066,3.79,40.17704456,20.86982785,84.97892836,14.51027811,AAA,0.465869655
ELI LILLY & CO,562882000000.0,28541.4,21.87979567,"Consumer, Non-cyclical",58.72886241,46.86033677,0.67006135,24.15141938,45.69,65.34553868,62.97191181,93.73871162,39.20798065,A,0.035830408
LOCKHEED MARTIN,111533000000.0,65984.0,8.686954413,Industrial,52.51221214,65.59322034,0.654754579,29.28550875,66.76,64.73191832,50.10570825,100.0,43.95405079,AA,0.155909325
ALLIANT ENERGY,12462842022.0,4205.0,16.31391201,Utilities,62.54212828,10.62273882,0.718317032,21.36198125,33.71,,,,,AA,0.749347539
LOWE'S COS INC,113810000000.0,97059.0,6.632048548,"Consumer, Cyclical",38.43516209,,1.036143541,11.77955,4.74,,,,,AA,0.351929426
LAM RESEARCH,94701777440.0,17428.516,25.8824733,Technology,20.7220372,51.39038119,1.53893733,13.60832656,8.01,,,,,AAA,0.052631758
LULULEMON ATH,54515233328.0,8110.518,10.53940081,"Consumer, Cyclical",0.0,31.52072824,1.213228464,16.93857938,17.07,,,,,AA,0.021894302
SOUTHWEST AIR,14682321809.0,23814.0,2.263374486,"Consumer, Cyclical",0.0,4.522704523,0.97556442,30.63153438,71.65,,,,,BB,0.631575858
LAS VEGAS SANDS,37651175545.0,4110.0,44.57420925,"Consumer, Cyclical",,15.85236011,0.938527107,21.8627375,35.88,64.71179962,54.90788281,89.85550873,49.27448609,BBB,0.38229882
LAMB WESTON,14279662335.0,5350.6,18.85582925,"Consumer, Non-cyclical",14.48111805,100.5265772,0.754821479,25.90708125,53.24,,,,,AA,0.243234043
LYONDELLBASELL-A,30704409794.0,50451.0,7.694594755,Basic Materials,83.28531001,17.97133407,0.90872854,20.68580625,30.89,75.40488884,79.16037451,93.73871162,53.23458283,AA,0.407205352
LIVE NATION ENTE,20174198282.0,16681.254,1.774363007,"Consumer, Cyclical",0.0,,1.197527528,21.57699063,34.66,,,,,BB,0.417400676
MASTERCARD INC-A,385220000000.0,22237.0,44.65530422,Financial,19.16414904,172.4905303,1.009438992,17.07045812,17.51,57.25782114,45.84717608,93.73871162,32.04353083,AA,0.040408115
MID-AMERICA APAR,14277882622.0,2019.866,31.5583311,Financial,90.77396694,9.706345309,0.926861405,13.02654375,6.79,,,,,BBB,0.309698232
MARRIOTT INTL-A,61578264935.0,20773.0,11.35127329,"Consumer, Cyclical",13.75742154,,1.010306835,21.636056,34.96,60.96972136,53.48837209,93.73871162,35.55018138,BBB,0.206793745
MASCO CORP,13259023804.0,8680.0,9.723502304,Industrial,30.65402844,,1.068204403,23.97503938,44.87,,,,,BBB,0.246775332
MCDONALDS CORP,204220000000.0,23182.6,26.64670917,"Consumer, Cyclical",67.47498948,,0.759494603,25.7611875,52.68,50.61865004,40.19933555,84.97892836,26.54171705,A,0.243609285
MICROCHIP TECH,44739035692.0,8438.7,26.51711757,Technology,31.07208294,38.51556045,1.269517303,31.72628,75.16,,,,,BBB,0.136527306
MCKESSON CORP,61116929985.0,276711.0,1.286540831,"Consumer, Non-cyclical",8.30760595,,0.621369243,15.22658125,12.01,48.17422794,24.5243129,91.24021674,28.59733978,AA,0.119704966
MOODY'S CORP,66998130000.0,5468.0,25.12801756,"Consumer, Non-cyclical",37.47598253,55.56371649,1.242709279,15.52215,12.86,56.86550649,39.89731199,97.50150512,33.04111245,AA,0.088793523
MONDELEZ INTER-A,97242794026.0,31496.0,8.626492253,"Consumer, Non-cyclical",74.53073243,16.64491808,0.681931913,22.01986278,36.52,57.7507293,49.22983993,82.96207104,40.96130593,A,0.210318926
MEDTRONIC PLC,104272000000.0,31227.0,12.03445736,"Consumer, Non-cyclical",96.22139436,7.936907296,0.778042376,23.0351975,40.68,,,,,BBB,0.240524097
METLIFE INC,46572769209.0,69898.0,3.632435835,Financial,67.884452,9.877923772,0.925448537,16.42602656,15.47,54.95422996,40.92419209,100.0,23.76058041,A,0.417561599
META PLATFORMS-A,876786000000.0,116609.0,19.89554837,Communications,0.0,22.273914,1.209264994,34.07906175,81.63,49.73342722,46.57203262,87.47742324,14.99395405,CCC,0.042058164
MGM RESORTS INTE,13806800260.0,13127.485,11.22144112,"Consumer, Cyclical",0.277783548,25.26786828,1.298591614,24.75960313,48.35,,,,,BBB,2.298314121
MOHAWK INDS,5318096848.0,11737.065,0.215104884,Industrial,0.0,-7.233336449,1.215326071,13.64978158,8.09,,,,,BBB,0.56780632
MCCORMICK-N/V,17742402845.0,6350.5,10.73931187,"Consumer, Non-cyclical",58.16715543,13.42518623,0.716275513,26.03498819,53.75,,,,,AA,0.269247635
MARKETAXESS,8890343774.0,718.3,34.83558402,"Consumer, Non-cyclical",41.92659377,22.41498689,1.063711405,16.059,14.38,49.52218087,35.39716098,84.97892836,28.05320435,AA,0.009220341
MARTIN MAR MTLS,28591374607.0,6160.7,14.06982973,Industrial,18.57993694,14.52280468,1.029979229,30.116295,69.82,48.55648325,23.01419511,87.47742324,35.0362757,A,0.165284113
MARSH & MCLENNAN,98436981722.0,20720.0,14.72007722,Financial,36.8852459,33.05517143,0.925320387,21.60505781,34.76,47.26888643,27.12171549,93.73871162,20.76783555,A,0.158426231
3M CO,52558489336.0,34229.0,16.87750153,Industrial,58.42872008,-78.91424915,0.992392838,40.21568047,92.12,67.64912987,52.64270613,100.0,50.18137848,AAA,0.319586811
MONSTER BEVERAGE,57510395511.0,6311.05,18.88154903,"Consumer, Non-cyclical",0.0,21.31788004,0.738191724,32.4182675,77.2,,,,,BB,0.000947411
ALTRIA GROUP INC,72726751235.0,20688.0,27.86156226,"Consumer, Non-cyclical",115.1283831,,0.613430738,31.31860625,74.03,,,,,A,0.345099975
MOLINA HEALTHCAR,21296407000.0,31974.0,2.477012573,"Consumer, Non-cyclical",0.0,26.90751445,0.671118379,28.2258325,62.64,39.1006941,15.52401087,84.97892836,16.62636034,AA,0.111662028
MOSAIC CO/THE,11720319416.0,19125.2,18.73339887,Basic Materials,15.60765324,11.19551096,0.99875319,33.51670625,80.28,77.60788653,79.70401691,100.0,53.02297461,A,0.331356157
MARATHON PETROLE,56540721518.0,177453.0,8.180194192,Energy,8.826363888,44.28554998,0.707582712,30.48503328,71.16,76.43094256,77.74086379,99.307646,52.14631197,A,0.505529453
MONOLITHIC POWER,26305125360.0,1794.148,24.39442008,Technology,32.06442267,25.86963358,1.442991972,18.94775,24.31,41.82677799,18.66505587,84.97892836,21.67472793,BBB,0.000303477
MERCK & CO,257102000000.0,59283.0,24.49100079,"Consumer, Non-cyclical",49.1356154,10.75329039,0.43724528,21.39042313,33.86,76.40076451,69.948656,100.0,59.15961306,A,0.13558433
MODERNA INC,29637205009.0,19263.0,43.40964543,"Consumer, Non-cyclical",0.0,-22.04343817,1.205803037,23.1367435,41.14,56.04063977,34.73270915,91.24021674,42.01934704,BBB,0.049093698
MARATHON OIL,14733602238.0,7575.0,47.68316832,Energy,6.068660022,15.00914648,0.946167886,37.82062813,89.5,,,,,A,0.36657702
MORGAN STANLEY,128630000000.0,65936.0,16.72682601,Financial,47.32874763,10.13561585,1.03152442,24.59757719,47.62,48.47600845,25.0679553,100.0,20.16324063,AA,3.609379501
MSCI INC,41602756852.0,2248.598,38.71625786,Technology,42.47968637,,1.30264318,15.63393125,13.16,,,,,N.S.,0.111839391
MICROSOFT CORP,2808430000000.0,211915.0,34.14623788,Technology,27.96119457,39.10723344,1.097004652,15.20841,11.94,,,,,AAA,0.037629935
MOTOROLA SOLUTIO,52965522937.0,9112.0,14.95829675,Communications,38.88481291,,0.966012061,13.13264688,7.06,59.48093753,49.98489882,85.34015653,43.01692866,A,0.122777982
M&T BANK CORP,20655423045.0,8603.723,24.35224836,Financial,41.56795591,11.89129192,0.928826809,25.089625,49.77,44.53274318,19.45031712,84.97892836,29.02055623,BBB,0.67072405
MATCH GROUP INC,8731946526.0,3188.843,11.35038633,Communications,0.0,,1.458794475,18.81312812,23.74,41.36404788,5.647840532,84.97892836,33.31318017,BB,0.439831942
METTLER-TOLEDO,23225737160.0,3919.709,22.2593565,Industrial,0.0,,1.201034665,13.0840625,6.94,62.88099789,55.02869224,93.73871162,39.75211608,AA,0.090782221
MICRON TECH,84636497025.0,15540.0,-37.53539254,Technology,,-12.40707456,1.182581067,18.4808425,22.44,,,,,A,0.164621652
NORWEGIAN CRUISE,6111229177.0,4843.76,-46.86254067,"Consumer, Cyclical",,-50.04752699,1.584097624,25.78614313,52.8,54.3003722,41.86046512,97.50150512,23.36759371,N.S.,2.371717961
NASDAQ INC,31727281704.0,3582.0,31.40703518,Financial,34.04444444,17.89013126,0.987119973,13.09335,6.97,57.7104919,44.6692842,91.24021674,37.09189843,AA,0.320607359
NORDSON CORP,13267273452.0,2590.278,19.80880045,Industrial,24.5397123,20.96587653,1.025047898,24.89485797,48.98,,,,,A,0.072449928
NEXTERA ENERGY,115675000000.0,20956.0,19.78908189,Utilities,80.82951531,17.7826513,0.847914219,23.11519113,41.04,,,,,AA,0.633859417
NEWMONT CORP,43264567917.0,11915.0,-3.600503567,Basic Materials,,-4.035440399,0.667004049,22.23326182,37.37,,,,,AA,0.140692495
NETFLIX INC,208957000000.0,31615.55,14.20795779,Communications,0.0,21.22835456,1.474529505,16.40952188,15.45,35.84146464,13.10782241,77.33293197,16.9286578,BB,0.080228209
NISOURCE INC,10796344242.0,5850.6,13.74388952,Utilities,51.09132176,11.39298893,0.762510598,26.02089675,53.71,62.78040439,50.28692238,100.0,37.90810157,AAA,1.228008269
NIKE INC -CL B,163910000000.0,51217.0,9.899056954,"Consumer, Cyclical",40.54970414,33.91400665,1.083641648,19.407995,26.27,,,,,BBB,0.074290896
NORTHROP GRUMMAN,71018793177.0,36602.0,13.37631823,Industrial,21.4869281,31.27448027,0.577190876,27.56273453,59.79,61.71411327,53.15614618,94.85249849,37.00120919,AA,0.218660432
SERVICENOW INC,137346000000.0,7245.0,4.485852312,Technology,0.0,27.09953012,1.458190203,16.590725,16.0,51.6748818,34.55149502,78.71763998,41.65659008,AA,0.016454805
NRG ENERGY,10270024194.0,31543.0,3.870906382,Utilities,29.18591319,-45.43635909,0.901861966,31.94550888,75.75,,,,,B,1.158711973
NORFOLK SOUTHERN,48386391386.0,12745.0,25.65712044,Industrial,35.68807339,16.30328796,0.914323211,23.91596402,44.5,58.24363746,47.59891272,93.73871162,33.25272068,A,0.342740996
NETAPP INC,16287798002.0,6362.0,20.02514932,Technology,34.06593407,158.0392157,0.990062714,15.43356156,12.62,,,,,AA,0.164049186
NORTHERN TRUST,15701638301.0,7751.7,19.75980595,Financial,47.80099813,9.582403556,1.139854431,23.237675,41.64,,,,,AA,0.817417887
NUCOR CORP,38540179873.0,41512.467,18.3254274,Basic Materials,6.950271014,26.09725098,1.227143168,32.75158496,78.13,,,,,AA,0.173363436
NVIDIA CORP,1207610000000.0,26974.0,16.19337139,Technology,9.111721612,69.16907753,1.621021271,13.58626563,7.95,,,,,AAA,0.009131277
NVR INC,19730999388.0,10526.434,16.39277841,"Consumer, Cyclical",0.0,45.09325763,1.007724762,21.26169344,33.26,32.79348154,0.0,84.97892836,13.21039903,A,0.051565254
NEWS CORP-CL B,12711667989.0,9879.0,1.508249823,Communications,77.36912752,1.763511799,0.936436772,11.473555,4.27,,,,,BB,0.327101054
NEWS CORP-CL A,12713571339.0,9879.0,1.508249823,Communications,77.36912752,1.763511799,0.979314446,11.473555,4.27,,,,,BB,0.327052084
NXP SEMICONDUCTO,51501107540.0,13205.0,21.1056418,Technology,31.75999354,36.19340772,1.148383856,19.83906062,27.78,59.30992858,47.62911507,91.24021674,38.93591294,AAA,0.216927374
REALTY INCOME,38498259388.0,3343.681,26.00152347,Financial,208.5823917,3.017998532,0.744172573,15.8339375,13.76,53.30449653,42.91754757,84.97892836,31.8923821,BB,0.54345244
OLD DOMINION FRT,44205214645.0,6260.077,21.99907445,Industrial,9.788916835,32.55657537,1.168554664,16.64699219,16.22,,,,,AA,0.001809153
ONEOK INC,38727972796.0,22386.892,7.692988379,Energy,97.07190837,21.7117049,0.980335295,25.6280225,52.07,70.65687557,58.89459378,100.0,52.96251511,AAA,0.569588295
OMNICOM GROUP,15652634164.0,14289.1,9.213316444,Communications,43.7746179,46.6471425,0.863132834,16.27929688,15.06,49.74348657,32.79975838,87.47742324,28.808948,BBB,0.409809616
ON SEMICONDUCTOR,29481249830.0,8326.2,22.84595614,Technology,0.0,33.86985076,1.240723491,22.42799375,38.17,68.90654864,58.23014195,100.0,48.36759371,A,0.127796482
ORACLE CORP,318589000000.0,49954.0,17.02165993,Technology,43.1207809,,1.059690237,14.55286625,10.25,,,,,A,0.279171215
O'REILLY AUTOMOT,58682369761.0,14409.86,15.07752331,"Consumer, Cyclical",0.0,,0.799286544,12.05364375,5.14,40.25751936,19.90335246,87.47742324,13.21039903,BB,0.125834778
OTIS WORLDWI,34680592661.0,13685.0,9.15601023,Industrial,37.20670391,,0.956351042,17.13721313,17.73,55.41696006,50.34732709,91.24021674,24.51632406,A,0.222026194
OCCIDENTAL PETE,52936698429.0,36634.0,36.31599061,Energy,3.851759437,23.67487424,0.791422904,41.51493953,93.28,,,,,A,0.394414473
PALO ALTO NETWOR,83349555000.0,6892.7,6.37921279,Communications,0.0,45.83908904,1.076549649,13.920225,8.64,,,,,AA,0.026664809
PARAMOUNT GLOB-B,9399757290.0,30154.0,3.66120581,Communications,85.93655172,-4.94709173,1.451288104,14.99391328,11.3,54.4412031,50.37752945,91.24021674,21.55380895,A,1.805578535
PAYCOM SOFTWARE,10742897791.0,1375.218,20.46141048,Technology,0.0,27.14365159,1.293707371,17.7224375,19.63,41.00191128,6.131078224,84.97892836,31.74123337,A,0.002699458
PAYCHEX INC,42795200888.0,5007.1,31.10183539,Technology,75.45110127,47.50193303,1.047343731,16.7255375,16.5,,,,,AA,0.020261618
PACCAR INC,47738516720.0,28819.7,10.44979649,"Consumer, Cyclical",72.70865985,28.390613,0.859901667,24.4427625,46.98,,,,,BBB,0.270758308
PG&E CORP,38083121031.0,21680.0,8.367158672,Utilities,0.0,7.919596256,0.840070784,30.383929,70.83,,,,,BB,1.448069342
HEALTHPEAK PROPE,9048609815.0,2061.178,24.27975653,Financial,131.2090328,3.712148914,0.949433923,13.58680625,7.95,67.55859571,57.11265479,91.24021674,54.23216445,A,0.759141475
PUB SERV ENTERP,32182680891.0,9800.0,10.52040816,Utilities,104.6556741,19.74170391,0.797483087,27.2273025,58.36,,,,,AAA,0.618562514
PEPSICO INC,232531000000.0,86392.0,10.31345495,"Consumer, Non-cyclical",70.08417508,43.88216923,0.649590909,22.05822188,36.71,64.30942561,49.22983993,93.73871162,49.84885127,AA,0.192550885
PFIZER INC,171143000000.0,100330.0,31.26881292,"Consumer, Non-cyclical",28.81145189,11.06000021,0.699665606,18.48950625,22.46,66.40177045,55.48172757,100.0,43.59129383,A,0.371596146
PRINCIPAL FINL,17172824499.0,17491.6,27.50806101,Financial,13.34898994,14.76702224,1.052389979,14.19189453,9.28,52.69087617,36.69586228,93.73871162,27.47883918,BBB,0.230247505
PROCTER & GAMBLE,355843000000.0,82006.0,17.86820477,"Consumer, Non-cyclical",60.63591433,33.34590888,0.72439903,28.57245223,63.99,,,,,A,0.100831075
PROGRESSIVE CORP,95215407614.0,49586.4,1.455036058,Financial,33.64526346,17.36163444,0.676633358,20.02131953,28.42,43.56704557,12.74539414,87.47742324,30.32043531,A,0.072337032
PARKER HANNIFIN,55429609507.0,19065.194,10.92533336,Industrial,33.80103853,24.27484244,1.092436314,28.03609375,61.82,,,,,BBB,0.219927366
PULTEGROUP INC,18927083294.0,16228.995,16.1274127,"Consumer, Cyclical",5.47721579,30.46083009,1.174466133,20.92874406,31.8,47.21858968,21.62488674,87.47742324,32.40628779,A,0.131640463
PACKAGING CORP,13800349252.0,8478.0,12.14673272,Industrial,41.12926901,19.8819098,0.828522921,18.63938437,23.06,,,,,BBB,0.201197807
PROLOGIS INC,102733000000.0,5973.692,56.32791245,Financial,76.36665043,6.778414238,1.178392172,10.268425,3.02,56.03058042,40.74297795,93.73871162,33.4643289,A,0.268444171
PHILIP MORRIS IN,145290000000.0,31762.0,28.4868711,"Consumer, Non-cyclical",86.89051418,,0.759229422,28.36595,63.16,77.93984509,61.884627,91.24021674,80.65296252,BBB,0.328412872
PNC FINANCIAL SE,50860192925.0,23542.0,28.6032197,Financial,41.30775937,14.24460255,1.091093779,26.06592188,53.91,57.4288301,41.61884627,93.73871162,36.78960097,AA,1.300958494
PENTAIR PLC,10367550708.0,4121.8,11.66723276,Industrial,28.64900662,17.94686713,1.135111928,22.13271719,36.93,58.81702042,44.69948656,87.47742324,44.16565901,AAA,0.201764145
PINNACLE WEST,8296719504.0,4324.385,11.18313934,Utilities,84.26466392,7.569199052,0.725577235,30.785625,72.17,,,,,N.S.,1.221397083
INSULET CORP,12941501767.0,1305.3,0.352409408,"Consumer, Non-cyclical",0.0,23.17720908,1.171327233,23.12435725,41.1,51.85595011,31.25943824,84.97892836,39.20798065,AA,0.109755423
POOL CORP,13719501244.0,6179.727,12.11157062,"Consumer, Cyclical",20.00825693,41.67369334,1.14734304,11.6412375,4.56,,,,,AA,0.097145587
PPG INDS INC,32148972000.0,17652.0,5.812372536,Basic Materials,55.44747082,20.57308669,1.103960395,25.16961225,50.09,,,,,AA,0.218140723
PPL CORP,19319090633.0,7902.0,9.567198178,Utilities,90.6162465,5.858100599,0.771795392,31.31607469,74.0,65.63725983,63.99879191,93.73871162,39.05683192,BBB,0.769290868
PRUDENTL FINL,34267925000.0,60050.0,-2.394671107,Financial,,2.731827205,1.078987956,19.90883125,28.05,,,,,AA,0.730683285
PUBLIC STORAGE,44694091963.0,4182.163,103.9927664,Financial,33.84738096,33.61144559,0.974964678,13.32488682,7.43,43.72799517,19.84294775,84.97892836,26.20918984,N.S.,0.154252312
PHILLIPS 66,51839965402.0,169990.0,6.485087358,Energy,16.38092807,25.84414265,0.731242478,35.42522219,84.84,65.84850619,59.40803383,87.47742324,50.57436518,AA,0.375077411
PTC INC,18475782185.0,2097.053,11.70881232,Technology,0.0,9.874281265,0.959990084,19.09075,24.94,,,,,AA,0.102240705
QUANTA SERVICES,26597304812.0,17073.903,2.876840755,"Consumer, Non-cyclical",16.94318073,12.45337271,0.939370573,36.91082094,88.12,47.54048888,28.23920266,93.73871162,20.46553809,AA,0.159704264
PIONEER NATURAL,54969906159.0,23973.0,32.72431485,Energy,77.97701149,22.3088377,0.88992852,32.10235786,76.31,62.74016699,47.2666868,92.50451535,48.33736397,AA,0.096871186
PAYPAL HOLDINGS,60720857416.0,27518.0,8.790609783,"Consumer, Non-cyclical",0.0,18.82311769,1.420591474,17.76681094,19.76,54.6222714,40.44095439,91.24021674,32.04353083,A,0.1850435
QUALCOMM INC,141974000000.0,35820.0,20.18983808,Technology,47.17263932,36.52573622,1.226162195,15.6296125,13.15,,,,,A,0.113168385
QORVO INC,9096960805.0,3569.399,2.889898271,Technology,0.0,-2.468656496,1.087960601,22.17903625,37.12,,,,,A,0.225194441
ROYAL CARIBBEAN,26935434132.0,8840.54,-24.38722069,"Consumer, Cyclical",,24.11307745,1.5007689,20.653885,30.81,57.90161956,45.90758079,91.24021674,36.42684401,BB,0.76401605
REGENCY CENTERS,11614450049.0,1224.022,39.44904585,Financial,89.63066281,5.688816772,0.980920732,11.7091,4.66,,,,,A,0.371217404
REGENERON PHARM,87147781971.0,12172.9,35.63982289,"Consumer, Non-cyclical",0.0,17.22410192,0.783175766,17.01419475,17.33,57.5294236,49.44125642,91.24021674,31.77146312,A,0.03101169
REGIONS FINANCIA,14853137060.0,7531.0,31.11573112,Financial,32.24603914,16.33961041,1.060550451,16.62851562,16.13,55.96016497,45.48474781,93.73871162,28.50665054,AA,0.288827874
ROBERT HALF INC,8637851479.0,7238.142,9.089611671,"Consumer, Non-cyclical",28.29042481,30.7074045,0.973598361,10.85543438,3.53,58.96791067,40.19933555,91.24021674,45.34461911,AA,0.024936872
RAYMOND JAMES,21780631707.0,12992.0,13.3851601,Financial,20.41004039,18.04308331,1.117935061,27.10299609,57.79,43.70787647,26.78948958,84.97892836,19.19588875,A,0.211610024
RALPH LAUREN COR,7953100617.0,6443.6,8.111925011,"Consumer, Cyclical",38.85594031,22.8247708,1.067752242,15.35282969,12.32,,,,,N.S.,0.348907946
RESMED INC,22421219841.0,4222.993,21.25402528,"Consumer, Non-cyclical",28.77886171,23.59674529,1.06241405,26.39086875,55.13,,,,,A,0.066707298
ROCKWELL AUTOMAT,31299867882.0,9058.0,15.31684699,Industrial,39.37748824,43.99096577,1.145365119,19.09953031,24.97,,,,,AA,0.106546776
ROLLINS INC,19356673941.0,2695.823,13.6729674,"Consumer, Non-cyclical",57.43070383,35.69836226,0.826722264,19.31064375,25.9,,,,,BBB,0.046659411
ROPER TECHNOLOGI,56458693498.0,5371.8,84.60292639,Technology,27.3538961,18.92512097,,20.438115,29.97,46.00140831,35.85019632,87.47742324,14.51027811,BBB,0.121828891
ROSS STORES INC,44370973497.0,18695.829,8.087584669,"Consumer, Cyclical",28.16593465,39.21852527,1.103260994,18.23185563,21.51,,,,,BBB,0.130261442
REPUBLIC SVCS,50316669560.0,13511.3,11.01004345,Industrial,39.85614412,16.53078522,0.721157193,20.90616864,31.73,68.58464943,65.17668378,88.59121011,51.904474,A,0.241933739
RTX CORP,114399000000.0,67074.0,7.74815875,Industrial,59.96932515,4.565648183,0.74069196,30.99659063,72.89,59.77265869,57.11265479,87.47742324,34.61305925,A,0.321531333
REVVITY INC,11030143401.0,3311.822,17.18627994,"Consumer, Non-cyclical",5.167503452,10.19262127,1.073669672,16.64830025,16.22,,,,,A,0.363904154
SBA COMM CORP,25176517554.0,2633.454,17.52181735,Financial,66.51077414,,1.032635927,10.42599375,3.14,,,,,AA,0.586526193
STARBUCKS CORP,117592000000.0,35975.6,11.46471497,"Consumer, Cyclical",58.94571463,,0.968268514,23.68821313,43.41,,,,,A,0.209196889
SCHWAB (CHARLES),101481000000.0,22307.0,32.2006545,Financial,23.99397136,20.143153,1.151933551,23.0216208,40.61,42.1687959,13.25883419,84.97892836,28.11366385,BBB,0.632167625
SOLAREDGE TECHNO,4475020508.0,3110.279,3.01513144,Energy,0.0,9.577960138,1.490382195,16.43162375,15.48,,,,,BBB,0.163942936
SEALED AIR CORP,4764930906.0,5641.9,8.713376699,Industrial,24.11968248,99.55314395,1.132392168,16.1034025,14.51,,,,,A,1.043205053
SHERWIN-WILLIAMS,70231975774.0,22148.9,9.120543232,Basic Materials,30.61729617,75.85374267,1.030768514,29.46626525,67.53,65.04375817,65.72032619,87.47742324,41.83796856,A,0.16915372
JM SMUCKER CO,12008897806.0,8529.2,-1.07044037,"Consumer, Non-cyclical",,-0.238980175,0.45132786,29.65783653,68.16,,,,,AA,0.374322446
SCHLUMBERGER LTD,74900394129.0,28091.0,12.24947492,Energy,29.83435048,22.70876042,0.907250464,20.28371206,29.36,69.09767629,47.81032921,100.0,59.37122128,AA,0.175499744
SNAP-ON INC,14489154345.0,4842.5,18.82705214,Industrial,34.31128661,21.74825634,0.871612012,30.5268625,71.3,52.00684036,46.75324675,87.47742324,21.64449819,BBB,0.08810038
SYNOPSYS INC,82513074913.0,5081.542,19.37589023,Technology,0.0,17.88870495,1.168452024,14.41845,9.88,56.19153003,46.20960435,93.73871162,28.4764208,AA,0.008352422
SOUTHERN CO,75827518012.0,29279.0,12.07349978,Utilities,82.49148695,9.694007921,0.669781983,32.98445063,78.87,,,,,A,0.821680593
SIMON PROPERTY,39356190470.0,5291.447,40.43383596,Financial,105.8861257,74.85183385,1.075983405,13.398775,7.58,58.12292526,52.61250378,91.24021674,30.3808948,BBB,0.645580395
S&P GLOBAL INC,131811000000.0,11181.0,29.04928003,"Consumer, Non-cyclical",32.39248768,6.836028986,1.120588422,13.0361125,6.82,59.45075948,44.42766536,93.73871162,40.05441354,AA,0.091896748
SEMPRA,45934654953.0,14439.0,14.81404529,Utilities,68.93162464,10.21125444,0.746797502,23.92728156,44.57,,,,,A,0.667339289
STERIS PLC,19964548533.0,4957.839,2.158803463,"Consumer, Non-cyclical",171.4089881,9.180634935,1.043172121,27.73575583,60.54,,,,,AA,0.181992946
STEEL DYNAMICS,18223770851.0,22260.774,17.35193035,Basic Materials,6.350186425,31.56270103,1.25001359,33.03096633,79.02,66.7538477,75.98912715,84.97892836,39.20798065,AA,0.169837024
STATE ST CORP,21492841541.0,13692.0,22.83503457,Financial,32.7443609,10.35480096,1.194513321,24.08442031,45.44,,,,,AA,1.008196146
SEAGATE TECHNOLO,16033952527.0,7384.0,-7.164138678,Technology,,,1.191182137,12.53128125,5.9,,,,,AA,0.353375126
CONSTELLATION-A,43878893047.0,9452.6,-0.751116095,"Consumer, Non-cyclical",,16.15139671,0.798011959,24.03032044,45.18,,,,,BBB,0.266791142
STANLEY BLACK &,13722904488.0,16947.4,6.269398256,Industrial,281.4501511,-0.625693146,1.141410232,24.46733656,47.09,62.04607182,48.92781637,93.73871162,43.34945586,BBB,0.591900935
SKYWORKS SOLUTIO,15147725905.0,4772.4,20.59341212,Technology,41.1961742,17.01567735,1.149527073,27.95424688,61.47,52.01689971,39.74630021,84.97892836,31.19709794,A,0.099638719
SYNCHRONY FINANC,12211366664.0,17526.0,17.20871848,Financial,14.59314055,18.46592033,1.139893651,17.24644063,18.04,45.56885625,26.48746602,87.47742324,22.58162031,AA,1.247280539
STRYKER CORP,111757000000.0,18449.0,12.78118055,"Consumer, Non-cyclical",44.57167091,15.04306331,1.035428524,28.2564875,62.76,47.18841163,35.63877982,84.97892836,20.7980653,BBB,0.118014548
SYSCO CORP,36317303700.0,76324.675,2.3192028,"Consumer, Non-cyclical",56.46524981,111.5624749,0.878486514,15.90244,13.93,,,,,A,0.322111936
AT&T INC,115330000000.0,120741.0,-7.059739442,Communications,,-10.18446855,0.663822293,23.91366094,44.48,71.91429434,63.06251888,99.307646,53.26481258,BBB,1.381004443
MOLSON COORS-B,12974488458.0,10701.0,-1.638164658,"Consumer, Non-cyclical",,1.931383275,0.735769093,21.35104031,33.66,,,,,AAA,0.492504966
TRANSDIGM GROUP,53615407866.0,6585.0,19.71146545,Industrial,0.0,,1.094935656,38.7184625,90.68,,,,,BB,0.373213611
TELEDYNE TECH,18639842703.0,5458.6,14.44692778,Industrial,0.0,9.615853361,0.957040906,35.45898125,84.91,,,,,A,0.174041168
BIO-TECHNE CORP,10074179142.0,1136.702,25.09567151,"Consumer, Non-cyclical",17.63622529,13.1588466,1.144102693,17.4323375,18.62,,,,,A,0.054548365
TE CONNECTIVITY,40805318808.0,16034.0,11.9121866,Industrial,38.05147059,17.08942871,1.090404391,14.8030175,10.81,,,,,A,0.112950962
TERADYNE INC,14158099000.0,3155.045,22.67799667,Technology,9.742957732,21.46762008,1.32399559,17.0333025,17.39,,,,,A,0.007834314
TRUIST FINANCIAL,41917187660.0,25356.0,27.17603647,Financial,44.81187785,9.745429256,1.064950943,18.03215313,20.71,,,,,A,1.578183168
TELEFLEX INC,10242521045.0,2791.041,13.01088017,"Consumer, Non-cyclical",17.57466742,9.838024589,1.039593816,29.39058125,67.19,46.76591892,17.12473573,87.47742324,35.55018138,AA,0.209853901
TARGET CORP,60246864900.0,109120.0,2.547653959,"Consumer, Cyclical",66.00719424,30.86729274,1.143624187,18.53195132,22.66,,,,,AA,0.315800665
TJX COS INC,103333000000.0,49936.0,7.004966357,"Consumer, Cyclical",39.33333333,65.75618857,0.877652109,14.37810625,9.79,57.80102605,39.65569314,97.50150512,36.09431681,A,0.121151587
THERMO FISHER,188229000000.0,44915.0,15.47367249,"Consumer, Non-cyclical",6.768345324,13.36903811,0.969079316,12.77410893,6.31,62.63957348,52.31048022,100.0,35.45949214,BBB,0.187452514
T-MOBILE US INC,172673000000.0,79571.0,3.254954695,Communications,0.0,11.53891789,0.771485686,24.63010518,47.81,63.20289709,48.14255512,100.0,41.32406288,BB,0.65961562
TAPESTRY INC,6960391667.0,6660.9,14.05215511,"Consumer, Cyclical",30.30769231,40.06336837,1.08225143,14.84462813,10.93,,,,,N.S.,0.466525471
TARGA RESOURCES,19374349884.0,20929.8,5.71195138,Energy,35.48394291,35.72158835,0.857388556,33.21482956,79.52,,,,,AA,0.668714051
TRIMBLE INC,10863679564.0,3676.3,12.23240758,Industrial,0.0,8.156037031,1.239748597,12.41366875,5.68,49.12986621,32.82996074,93.73871162,20.64691657,AA,0.290674995
T ROWE PRICE GRP,21900091752.0,6488.4,24.01054189,Financial,71.28400578,17.23783825,1.418039083,18.9497375,24.32,51.39322,28.69223799,93.73871162,31.59008464,BBB,0.014127795
TRAVELERS COS IN,40186882524.0,36884.0,7.705238044,Financial,31.00637845,10.87152743,0.678233564,21.34036875,33.58,52.26838346,24.22228934,93.73871162,38.69407497,A,0.199841329
TRACTOR SUPPLY,21443371221.0,14204.717,7.664439918,"Consumer, Cyclical",37.63313714,55.78065265,0.838954926,16.09990625,14.51,,,,,AA,0.232113176
TESLA INC,740562000000.0,81462.0,15.41332155,"Consumer, Cyclical",0.0,23.05260563,1.611590028,25.22634688,50.4,51.18197364,36.63545757,97.50150512,19.2261185,A,0.011055125
TYSON FOODS-A,17030197402.0,52881.0,-1.225392863,"Consumer, Non-cyclical",,-3.425399762,0.687488496,37.76471158,89.35,,,,,BBB,0.589247427
TRANE TECHNOLOGI,51837481411.0,15991.7,10.98382286,Industrial,35.06745432,31.23898534,1.094851136,15.2020825,11.92,68.41364048,62.88130474,100.0,42.23095526,AAA,0.093071651
TAKE-TWO INTERAC,26581569006.0,5349.9,-21.02282286,Technology,,-16.94283347,0.861612201,15.37739531,12.4,,,,,A,0.132223196
TEXAS INSTRUMENT,139727000000.0,20028.0,43.68384262,Technology,49.33409874,45.37863704,0.992698908,20.65486125,30.81,70.27462026,69.4654183,93.04635762,48.21644498,AAA,0.08031364
TEXTRON INC,15243344391.0,12869.0,6.690496542,Industrial,1.975025522,13.72478126,0.933663309,33.61315,80.54,52.57016397,45.21292661,87.47742324,24.87908102,A,0.256046173
TYLER TECHNOLOG,17404871171.0,1850.204,8.876858984,Technology,0.0,5.855134738,1.23742044,19.61645375,27.03,,,,,BBB,0.045320358
UNITED AIRLINES,13000541379.0,44955.0,1.639417195,"Consumer, Cyclical",0.0,41.61151916,1.333537221,28.69492813,64.48,54.09918519,27.48414376,93.73871162,40.93107618,N.S.,2.693272455
UDR INC,10884231954.0,1517.386,5.728535785,Financial,592.5682567,11.26162129,0.936200082,13.92313125,8.66,,,,,BB,0.545699782
UNIVERSAL HLTH-B,9416970804.0,13399.37,5.042095263,"Consumer, Non-cyclical",8.653633859,11.33932559,0.986131191,33.0017125,78.93,,,,,CCC,0.571716119
ULTA BEAUTY INC,20135502014.0,10208.58,12.17023327,"Consumer, Cyclical",0.0,66.08255288,0.851425529,15.89309313,13.9,47.72155719,32.19571127,87.47742324,23.33736397,AA,0.093387242
UNITEDHEALTH GRP,502669000000.0,324162.0,6.206773157,"Consumer, Non-cyclical",29.77634195,27.25524695,0.627919614,15.2999,12.18,56.31224223,41.8000604,91.24021674,35.7617896,AA,0.126065027
UNION PAC CORP,136416000000.0,24875.0,28.13266332,Industrial,45.15575879,49.44265351,0.852371693,23.45279375,42.42,69.5805251,63.69676835,93.73871162,51.20918984,A,0.252778772
UNITED PARCEL-B,128002000000.0,100338.0,11.50909924,Industrial,46.44094215,47.35443879,1.013833165,18.56768344,22.8,59.85313349,39.98791906,91.60144491,47.85368803,A,0.198747174
UNITED RENTALS,31388233866.0,11642.0,18.08108572,"Consumer, Non-cyclical",0.0,33.79403218,1.328651071,17.17920141,17.85,54.02876974,53.97160979,85.34015653,22.64207981,AA,0.411555491
US BANCORP,57220205921.0,27401.0,24.08617268,Financial,50.887475,11.86961443,1.079379678,30.256925,70.33,46.70556282,28.54122622,87.47742324,23.94195889,A,1.135507972
VISA INC-CLASS A,522977000000.0,32653.0,52.89866168,Financial,17.51670237,49.1464178,0.97651726,16.443435,15.52,,,,,A,0.04011842
VF CORP,6463242174.0,11612.475,1.021177656,"Consumer, Cyclical",591.859804,-8.125338365,1.145079017,14.04295,8.95,,,,,AA,1.207230797
VICI PROPERTIES,29473819671.0,2600.697,42.97444108,Financial,123.9512446,10.33176362,0.848308325,15.258365,12.08,44.73393019,29.35668982,84.97892836,19.70979444,BBB,0.566881836
VALERO ENERGY,42617899280.0,176383.0,6.535777257,Energy,13.43164469,44.88065655,0.683856726,32.55817625,77.57,62.90111659,41.89066747,100.0,46.67472793,A,0.268455278
VERALTO CORP,17946005033.0,4879.0,14.53166633,Industrial,,,,,,,,,,N.S.,0.145101932
VULCAN MATERIALS,28101392617.0,7315.2,7.868547682,Industrial,35.77919892,11.54424571,0.92339766,29.2774625,66.72,55.48737552,39.56508608,91.24021674,35.51995163,A,0.159426263
VERISK ANALYTI,34837370156.0,2497.0,38.20184221,"Consumer, Non-cyclical",18.73860036,42.27512113,0.974235356,17.5298674,18.97,51.24232975,35.48776805,93.73871162,24.33494559,A,0.08884999
VERISIGN INC,21908618000.0,1424.9,47.28752895,Communications,0.0,,1.077897072,21.30129375,33.42,37.33024847,0.332225914,84.97892836,26.5114873,A,0.081817119
VERTEX PHARM,90786939387.0,8930.7,37.19753211,"Consumer, Non-cyclical",0.0,23.48962847,0.677879035,22.71893669,39.28,55.21577306,44.91090305,91.24021674,29.35308343,A,0.008202722
VENTAS INC,17926062279.0,4129.193,-1.149062299,Financial,,0.04784201,0.9030568,12.8643625,6.5,,,,,A,0.757900078
VIATRIS INC,11198928785.0,16262.7,12.78139546,"Consumer, Non-cyclical",27.99037814,9.14654701,0.968670428,30.17788275,70.05,61.57328237,55.14950166,91.24021674,38.21039903,BB,1.663846637
VERIZON COMMUNIC,156939000000.0,136835.0,15.53403734,Communications,51.10166541,22.56477817,0.586595118,18.7261375,23.37,46.81621567,22.53095741,87.47742324,30.29020556,AA,1.096412453
WABTEC CORP,20821877575.0,8362.0,7.56995934,Industrial,17.27014218,7.502350671,0.972736061,23.63003125,43.18,48.3653556,37.69254002,93.73871162,13.48246675,A,0.209587247
WATERS CORP,16328505968.0,2971.956,23.81445082,"Consumer, Non-cyclical",0.0,101.1949568,0.971703529,14.6224875,10.39,,,,,AAA,0.158738405
WALGREENS BOOTS,17848475491.0,139081.0,-2.214536853,"Consumer, Cyclical",,-13.60003532,0.887786031,16.25283125,14.99,,,,,AA,1.93344244
WARNER BROS DISC,26043881014.0,33817.0,-21.79672946,Communications,,-10.34826511,,20.11546406,28.79,33.0852027,1.238296587,84.97892836,12.84764208,BBB,1.720173732
WESTERN DIGITAL,15197277097.0,12318.0,-13.84965092,Technology,,-22.1780927,1.339346766,11.1325825,3.85,,,,,AA,0.533779831
WEC ENERGY GROUP,25569123083.0,9597.4,14.6841853,Utilities,65.1871316,11.82162408,0.661730349,27.45591125,59.19,,,,,AA,0.712527369
WELLTOWER INC,49180964061.0,5860.615,2.409542343,Financial,798.5974478,1.198646556,0.920823097,13.23229844,7.23,,,,,AA,0.329382583
WELLS FARGO & CO,154817000000.0,82859.0,17.8654198,Financial,34.68732908,11.02186708,1.020273328,36.23708906,86.81,62.56915803,42.10208396,100.0,45.46553809,BB,1.857259665
WHIRLPOOL CORP,5958134055.0,19724.0,-7.701277631,"Consumer, Cyclical",,-51.77827619,1.096272469,19.0682225,24.86,62.61945478,63.33434008,93.73871162,30.65296252,AAA,1.384493857
WASTE MANAGEMENT,68987375137.0,19698.0,11.36155955,Industrial,48.1233244,33.09455587,0.682792187,16.64658487,16.21,70.20420481,62.88130474,100.0,47.61185006,A,0.223664112
WILLIAMS COS INC,43958179513.0,10965.0,18.68673051,Energy,101.2218964,23.44331861,0.804986298,22.021547,36.53,68.00120712,53.63938387,93.73871162,56.52962515,A,0.5835319
WALMART INC,416197000000.0,611289.0,1.910716535,"Consumer, Cyclical",52.34589041,21.4779611,0.722406626,25.264475,50.52,54.2601348,35.09513742,100.0,27.50906892,BBB,0.16756267
WR BERKLEY CORP,18357910100.0,11166.499,12.36790511,Financial,17.84121785,20.60442728,0.6079216,21.59140156,34.69,33.27633035,6.433101782,71.7037929,21.55380895,BB,0.165195002
WESTROCK CO,9479097936.0,20310.0,-8.119153127,Industrial,,-15.3518878,1.058473825,20.4237,29.87,,,,,A,0.986264734
WEST PHARMACEUT,26083578365.0,2886.9,20.29512626,"Consumer, Non-cyclical",9.353131934,20.95523506,1.181622028,18.33954375,21.89,,,,,AA,0.01176219
WILLIS TOWERS WA,25122224419.0,8866.0,11.38055493,Financial,35.17635844,10.60889443,0.816896915,18.66078906,23.13,40.13680716,18.12141347,84.97892836,17.14026602,A,0.234931426
WEYERHAEUSER CO,23287031900.0,10184.0,18.46032993,Financial,85.63466383,5.990695908,0.98185724,16.68003922,16.35,,,,,AA,0.243869636
WYNN RESORTS LTD,9885033307.0,3756.825,-11.28229289,"Consumer, Cyclical",,,1.085306764,25.70305938,52.36,,,,,BB,1.356169836
XCEL ENERGY INC,33158642609.0,15310.0,11.33899412,Utilities,61.40552995,10.33449084,0.671266496,26.449697,55.36,71.36103008,58.44155844,100.0,55.53204353,AA,0.817946631
EXXON MOBIL CORP,415757000000.0,398675.0,13.9813131,Energy,26.80121995,21.32176266,0.688181639,41.59771156,93.39,66.23076149,54.27363334,93.04635762,51.26964933,BBB,0.099223944
DENTSPLY SIRONA,6616400011.0,3922.0,-24.22233554,"Consumer, Non-cyclical",,-6.124785346,1.070440888,14.87852541,11.02,,,,,A,0.320869354
XYLEM INC,24642970672.0,5522.0,6.428830134,Industrial,61.12676056,7.485736021,1.066670775,18.12689375,21.07,64.91298662,61.40138931,100.0,33.19226119,AAA,0.100312581
YUM! BRANDS INC,36098092443.0,6842.0,19.36568255,"Consumer, Cyclical",49.21358491,,0.775853217,20.09800313,28.71,,,,,BBB,0.340101074
ZIMMER BIOMET HO,23763196648.0,6939.9,3.334341993,"Consumer, Non-cyclical",69.33700896,3.831875745,0.923887372,26.01711,53.7,55.95010562,36.48444579,100.0,31.19709794,AA,0.230709701
ZEBRA TECH CORP,11621137597.0,5781.0,8.008994984,Technology,0.0,16.4021164,1.423644543,12.12821406,5.29,,,,,A,0.208499381
ZIONS BANCORP NA,5080022318.0,3337.0,28.77538071,Financial,27.22095672,17.71985544,1.221400023,19.11233125,25.02,,,,,N.S.,1.011806579
ZOETIS INC,82282355701.0,8080.0,26.16336634,"Consumer, Non-cyclical",29.84862819,46.81244225,1.05183053,18.7710375,23.58,53.42520873,49.47145877,84.97892836,25.69528416,AAA,0.081973832
